Region,Crime_Rate,Education_Level,Employment_Rate,Median_Income,Poverty_Rate,Population_Density,Region_encoded,Cluster
Region_1,1176.0,76.49200115905583,73.31534429175198,116664.0,14.655299820425768,1523.0,0,0
Region_2,910.0,85.36150478222223,46.08809555626374,21401.0,19.71262337897472,3293.0,112,2
Region_3,1344.0,88.38897507214193,63.91170115240361,105179.0,9.634319477062787,4528.0,223,0
Region_4,1180.0,54.36450897948377,65.30537774233754,35193.0,19.99428287426245,2231.0,334,2
Region_5,1145.0,75.30519781796735,51.62756791826901,112389.0,26.53784268067234,1499.0,445,2
Region_6,1094.0,96.60071711284672,43.99826971796509,64864.0,26.71599099558564,3146.0,556,2
Region_7,171.0,66.03210960797571,78.83618152358463,40307.0,23.10861015823849,3306.0,667,1
Region_8,516.0,79.69415487789495,46.10175260621975,39611.0,23.64383447690315,3206.0,778,2
Region_9,1288.0,68.46152407549481,69.71453752808874,63791.0,18.94818612876752,1640.0,889,2
Region_10,380.0,72.71339861095498,86.82245869418303,31950.0,19.61670225414562,4289.0,1,1
Region_11,137.0,77.43015589690766,83.80525962990212,96240.0,8.341264535262951,4031.0,13,1
Region_12,1446.0,77.44609899444886,53.88763118746306,97403.0,16.096479710532527,1485.0,24,0
Region_13,1173.0,60.08652311651179,82.57243187756328,22745.0,16.269407097159096,273.0,35,2
Region_14,921.0,84.22857739399166,40.01662530602447,75243.0,28.962445891693505,269.0,46,2
Region_15,180.0,54.39340556213284,40.88439048066286,23866.0,15.777171565582236,4324.0,57,1
Region_16,1382.0,56.94123867210102,70.12765819214324,52245.0,18.73356612256894,1704.0,68,2
Region_17,819.0,50.13554497071648,58.23991095722647,64724.0,18.33128498197756,4578.0,79,1
Region_18,393.0,55.83480320708407,59.32304205795735,91354.0,20.91904292610818,314.0,90,1
Region_19,1487.0,73.65831005259462,68.22205453394412,71374.0,23.7058207832974,1003.0,101,2
Region_20,855.0,80.30509405279193,49.58912277959303,50116.0,10.626046904271805,4574.0,113,0
Region_21,435.0,89.71447249832312,50.58776753327392,101029.0,18.218110477460893,3783.0,124,1
Region_22,1265.0,55.33496250567181,64.23007935094324,113574.0,25.64794268290076,2824.0,135,0
Region_23,1005.0,92.53637300082272,77.71267721719315,40447.0,16.57786784593779,3174.0,146,2
Region_24,326.0,87.2987262774359,70.97488757037938,50431.0,11.961438659339326,529.0,157,1
Region_25,1234.0,70.42591464679585,54.86775241184195,37908.0,21.36772688390748,3564.0,168,2
Region_26,509.0,96.64690335499772,61.51685887544606,49336.0,25.594184894978078,1403.0,179,2
Region_27,1387.0,99.54647382286952,48.53323792749992,60992.0,6.578507323184784,3372.0,190,0
Region_28,71.0,60.25009050266186,43.73149071685408,75350.0,24.41976208518068,3928.0,201,1
Region_29,301.99999999999994,68.96142924819003,79.13480203720746,89561.0,25.54119832404428,939.0,212,1
Region_30,797.0,96.32247117948556,53.26937045940973,71955.0,16.53807318971517,3904.0,224,0
Region_31,906.0,86.07982753756386,48.88831939256241,81240.0,29.582641420461684,974.0,235,2
Region_32,524.0,52.40473219820439,74.58090277846597,40093.0,24.66770851768273,2220.0,246,2
Region_33,1132.0,89.07572408757075,70.9025837143593,26155.0,24.341564122391645,1952.0,257,2
Region_34,560.0,91.3970443588746,71.6594813006732,66607.0,23.695964360301797,4923.0,268,1
Region_35,749.0,87.52509623826568,51.44473024233068,53487.0,8.765202580456851,2445.0,279,0
Region_36,1025.0,89.97685654597578,51.63227692813405,75668.0,10.43077216132527,78.0,290,0
Region_37,239.0,91.25663383463989,51.04013148928196,40963.0,16.599753286610625,84.0,301,1
Region_38,1007.0,59.320249339407205,48.68762978311473,70124.0,11.600108748986646,3639.0,312,0
Region_39,736.0,61.78458730324999,72.78618362808282,72870.0,15.38102430835101,2720.0,323,1
Region_40,1007.0,81.68792818600886,82.40079426247007,76547.0,27.211602748073016,3415.0,335,2
Region_41,612.0,95.3933065231258,76.21587348383306,84110.0,25.60817229698173,638.0000000000002,346,2
Region_42,1317.0,65.80982911482474,79.60468168802717,73554.0,20.750996961999554,3268.0,357,0
Region_43,881.0,79.41533378975284,60.23992145425999,40936.0,26.45300985627759,3188.0,368,2
Region_44,1204.0,84.14910317085662,72.7037897685999,24426.0,24.59430972543123,953.0,379,2
Region_45,696.0,72.59743006495196,57.711812022238725,108839.0,15.724623296022262,4136.0,390,0
Region_46,70.0,85.6891227427663,66.275231098432,47606.0,10.02662880124863,2219.0,401,1
Region_47,890.0,94.98337226460863,64.08174232674313,67832.0,17.85502600023348,389.0,412,2
Region_48,216.0,81.20507720909188,48.84435725719272,48151.0,23.40572206321375,4320.0,423,1
Region_49,1347.0,76.98905309573165,59.35393801678154,99303.0,15.910489968239826,1764.0,434,0
Region_50,437.0,71.93723376941695,88.19111377411755,31308.0,21.66929774459743,4742.0,446,1
Region_51,650.0,78.87431354530628,52.42901288574711,82522.0,7.35818565727609,4596.0,457,0
Region_52,364.99999999999994,67.7681225909198,46.69018681397444,65671.0,23.70011840928509,606.0,468,1
Region_53,63.0,69.5741055100751,60.92903108119677,110306.0,25.31784049732655,3137.0,479,1
Region_54,291.0,76.5928739844087,79.51688679300742,114108.0,22.67094639451353,3316.0,490,1
Region_55,826.0,53.330955619540845,69.10741148899862,22204.0,29.18158968815914,3617.0,501,2
Region_56,1419.0,61.45126954623981,74.04874136191222,112769.0,25.66630143651601,2106.0,512,0
Region_57,614.0,77.14246553067045,49.48474240873386,107265.0,27.577343196913457,3949.0,523,1
Region_58,947.0,71.57640715682213,70.94740965038608,51131.0,28.3392770864412,1066.0,534,2
Region_59,1413.0,66.64078929562422,56.17501974557369,72428.0,25.03369979684521,2112.0,545,2
Region_60,141.0,86.52745684046508,81.71516829773837,53870.0,21.85647105016248,888.0,557,1
Region_61,1440.0,84.68588037016693,71.46494030053681,69067.0,5.1429645340197325,1687.0,568,0
Region_62,1005.0,58.33653799966916,49.9428138887648,78585.0,16.645643830578116,4371.0,579,0
Region_63,558.0,93.93145576867192,43.23083399220431,41607.0,19.279057465559028,3546.0,590,2
Region_64,825.0,74.77118132019828,42.13166046435164,44968.0,12.60075681119999,1863.0,601,2
Region_65,84.0,87.07304555695228,58.57042838250703,118934.0,12.952611172586804,3529.0,612,1
Region_66,255.0,78.65754246286943,53.29255683271568,31908.0,29.02898539275413,1501.0,623,2
Region_67,1154.0,99.88463079619216,72.3045061731254,46423.0,27.292771630068646,2363.0,634,2
Region_68,1461.0,87.62015600194113,64.96669174893091,94707.0,26.229475137542604,1564.0,645,2
Region_69,1075.0,85.34902306217296,53.30096390026904,98257.0,15.150295042652765,1281.0,656,0
Region_70,1071.0,88.92859695253756,47.46188889750881,81215.0,5.342463760222863,1695.0,668,0
Region_71,1463.0,57.15639927742348,46.35998813437248,75835.0,7.005556161392851,3049.0,679,0
Region_72,615.0,60.22722965847316,83.23301960702088,69429.0,12.804909205440092,3490.0,690,1
Region_73,1179.0,85.70320411118071,52.17389842024336,102152.0,5.393572824891924,4106.0,701,0
Region_74,752.0,74.69907435654314,72.58553239554843,58458.0,5.428744547879953,355.0,712,0
Region_75,451.0,87.73176459300583,80.53429639931332,66169.0,27.91508254106028,3586.0,723,1
Region_76,779.0,55.14580153720725,70.7040655592368,27659.0,22.653962552976356,1773.0,734,2
Region_77,211.0,76.82406757422973,82.97826158234729,80614.0,12.723899751703817,1739.0,745,1
Region_78,251.0,68.94107827784579,59.619686076423726,97240.0,8.31611444002383,1567.0,756,1
Region_79,1045.0,72.85001096408392,87.81110953244742,52793.0,17.79089294737693,3967.0,767,2
Region_80,318.99999999999994,80.19789360362563,46.65725020890485,66473.0,5.133654021359112,469.0,779,1
Region_81,865.0,75.11441737312651,45.107476482876905,116762.0,28.4603435964536,2986.0,790,1
Region_82,1344.0,76.99303185564183,72.93460731037217,109388.0,15.37037798472368,3912.0,801,0
Region_83,505.0,74.3178740997804,87.14155707066308,117618.0,15.05837388093332,4279.0,812,1
Region_84,1325.0,70.44775885427467,80.4441730818164,108330.0,14.764840189544554,1500.0,823,0
Region_85,1066.0,88.59409902991226,43.82084297190257,75751.0,6.73320825969412,3146.0,834,0
Region_86,344.99999999999994,50.61015361590223,53.96838569673582,98915.0,20.958055994795664,3311.0,845,1
Region_87,769.0,79.92213506026135,86.51594424189119,74254.0,23.325090490708835,1214.0,856,2
Region_88,387.0,78.27541736614869,52.65292164003922,27006.0,21.903134939707257,1919.0,867,2
Region_89,928.0,85.80895373664761,79.05852118934595,94218.0,8.460887333234858,1869.0,878,0
Region_90,1126.0,79.95146823886633,81.25660979643519,85344.0,19.471004200889816,2755.0,890,0
Region_91,841.0,91.33994139045392,64.77260517304909,53840.0,19.237112104306348,3565.0,901,2
Region_92,266.0,97.95373972820138,59.31744549241577,52430.0,26.71026969853455,1392.0,912,2
Region_93,813.0,67.12621285892718,62.50622162098799,43091.0,14.478191459391176,2276.0,923,2
Region_94,237.0,61.36754915149935,51.34823471826821,52983.0,14.287148591485856,1129.0,934,1
Region_95,429.0,71.17984312102415,84.46954580644221,43989.0,20.46317646795464,4256.0,945,1
Region_96,542.0,64.3964808237863,62.53098283648789,95451.0,20.826816337487827,4613.0,956,1
Region_97,1114.0,80.74751315763272,84.12297202280499,38990.0,16.73213068314476,2829.0,967,2
Region_98,1230.0,95.59262044214825,45.2846739953137,110270.0,16.076484058260526,2578.0,978,0
Region_99,64.0,56.95580970715309,89.41376355000656,100360.0,17.35369176594707,863.0,989,1
Region_100,114.0,55.03973015079433,62.16365437218092,56081.0,26.5261324875828,2081.0,2,1
Region_101,570.0,62.80077659268311,42.39154101970527,31033.0,16.52917253134775,372.0,4,2
Region_102,1417.0,86.30477930312003,41.901092411872746,36241.0,28.49829479924556,3019.0,5,2
Region_103,1202.0,79.64814526294109,77.31036287409194,25939.0,17.60009408990815,953.0,6,2
Region_104,697.0,55.11063321125998,72.95177671018405,67562.0,28.730017329522283,1591.0,7,2
Region_105,1136.0,95.93752611303732,80.10652790637937,55063.0,25.820797546726894,3553.0,8,2
Region_106,1212.0,89.50423185620434,45.2683766976403,96721.0,14.060783065395729,2703.0,9,0
Region_107,642.0,51.15113023938188,41.778543351777415,47045.0,26.5910355324154,2526.0,10,2
Region_108,441.0,82.5683605494123,65.42896447237892,64769.0,7.751582105027881,3390.0,11,1
Region_109,468.0,88.5623334259869,59.37976157413848,67118.0,28.12617938357536,4293.0,12,1
Region_110,338.0,68.7217684860211,63.09734683354779,104703.0,20.791087877072293,1191.0,14,1
Region_111,428.0,53.44607696836094,89.5794204435137,41625.0,6.359768713057779,898.9999999999998,15,1
Region_112,280.0,53.866053274439366,88.53749788353352,47076.0,21.10641809127029,416.0,16,1
Region_113,1067.0,55.21234830259048,87.11576948365965,84805.0,29.356191353618904,2947.0,17,2
Region_114,90.0,92.02198159902116,79.19213383838368,64605.0,6.745016365365723,1139.0,18,1
Region_115,1101.0,95.53430991278566,57.74206801284452,104565.0,18.867192744502155,4091.0,19,0
Region_116,184.0,56.14053909228669,60.60654651313858,108509.0,23.694858743984312,2088.0,20,1
Region_117,250.0,61.79530172975406,67.48080218594623,59121.0,25.256464667488284,2910.0,21,1
Region_118,829.0,58.27602551836449,81.52672282024199,85101.0,15.345686633019897,4320.0,22,0
Region_119,979.0,59.316043974706034,43.43564162591339,51433.0,10.104163979206074,1904.0,23,0
Region_120,1106.0,91.8745394501246,61.21484429424441,63309.0,6.0585569693095955,4733.0,25,0
Region_121,1121.0,66.60732063274695,44.13088317296344,87468.0,19.49315392743062,544.0000000000002,26,2
Region_122,552.0,65.57221320228206,65.73287932867558,64254.0,16.32277675669027,3232.0,27,1
Region_123,456.0,61.36978104385563,84.94504120031178,87293.0,28.71860987874277,1834.0,28,1
Region_124,854.0,80.39471968971293,79.1242462281969,116258.0,6.515122692872744,3560.0,29,0
Region_125,148.0,68.96528491927744,51.3921208771555,57853.0,22.134883586150146,3836.0,30,1
Region_126,733.0,87.21248259216443,88.79954247993962,58405.0,5.6241555530014296,4180.0,31,0
Region_127,775.0,60.27899041878187,73.36751990232142,86652.0,9.285854417763568,1047.9999999999998,32,0
Region_128,1010.0,89.38949443572463,40.52138496987016,63527.0,16.339474998070855,4519.0,33,0
Region_129,662.0,80.18607658650694,52.77067423426098,97227.0,16.371811070071708,1501.0,34,1
Region_130,692.0,55.71336500278439,53.03566499599583,20492.0,22.1425135733411,1801.0,36,2
Region_131,1078.0,70.72522921018138,43.462715314293,113418.0,27.75532587169392,2330.0,37,2
Region_132,1291.0,93.17590703064783,87.99132590379645,28811.0,20.97580397287302,4850.0,38,2
Region_133,552.0,96.14801158992424,63.91276472879619,113344.0,28.83837744628772,4708.0,39,1
Region_134,816.0,73.28500611594066,84.7907298685941,44272.0,27.04039099694994,2984.0,40,2
Region_135,447.0,74.04184890445367,56.11077517223141,113935.0,19.61249488826976,3784.0,41,1
Region_136,920.0,95.92273624696506,46.26167852164136,92010.0,25.844798772970684,3396.0,42,2
Region_137,844.0,79.35341120682835,63.716805495310695,112492.0,21.06444025809085,1923.0,43,0
Region_138,442.0,51.64233351217192,45.69783173571586,67153.0,6.9639457730931795,4584.0,44,1
Region_139,256.0,95.63747314395644,64.300775148877,74110.0,23.514118081487748,3853.0,45,1
Region_140,1088.0,62.4113221378576,86.0148590609704,33979.0,7.372711031683654,2029.0,47,0
Region_141,941.0,78.88159770457736,66.03840709171064,48328.0,19.85206951424281,747.9999999999998,48,2
Region_142,913.0,58.27566587139869,70.82498634475417,32867.0,22.566005146455723,1362.0,49,2
Region_143,792.0,51.69395801232975,47.83192184869041,79234.0,6.6631902052713805,3012.0,50,0
Region_144,1314.0,65.57365855663787,42.18678129399847,45851.0,10.769866348163294,2988.0,51,0
Region_145,613.0,89.02478537730438,45.54039810899035,51279.0,27.89180580654125,4837.0,52,2
Region_146,1070.0,63.87935863147091,69.92657878421828,116063.0,20.40786230582241,2350.0,53,0
Region_147,145.0,61.00486070405485,44.75058494961523,93402.0,11.15715047026329,3247.0,54,1
Region_148,534.0,60.634039217061314,58.79964449706557,35449.0,22.266994278700164,176.0,55,2
Region_149,1480.0,75.75868412034063,67.5045970229078,96221.0,19.91941049904224,1241.0,56,0
Region_150,280.0,98.77706578413782,59.432639931492346,109080.0,17.53939249794871,2689.0,58,1
Region_151,798.0,72.94944940085065,48.18419007326507,25451.0,29.404674374702093,4439.0,59,2
Region_152,1244.0,77.86526844450239,53.68956537570533,107178.0,22.086344435187723,3966.0,60,0
Region_153,590.0,93.0316008945367,86.41587664242886,61316.0,14.386027741697816,1416.0,61,1
Region_154,1109.0,76.75348594668293,73.79911377931776,83064.0,25.0018358019217,1069.0,62,2
Region_155,574.0,59.2231435709428,64.80239193399433,83761.0,27.11458232302969,4129.0,63,1
Region_156,1233.0,64.97979558832385,40.63574449934468,58870.0,8.130513987920786,4564.0,64,0
Region_157,1316.0,65.49684631343055,89.6207700244735,116566.0,10.013824446131661,4589.0,65,0
Region_158,1159.0,69.8659057728799,73.57274674473217,50873.0,10.405675228194491,734.0000000000002,66,0
Region_159,627.0,71.33944526683747,55.84612386724724,78627.0,22.28029523466351,3679.0,67,1
Region_160,731.0,89.98910110371347,83.96343299989191,86155.0,20.075988876332083,2937.0,69,1
Region_161,606.0,67.46934995246664,52.921581014590906,119186.0,20.474789117464702,1512.0,70,1
Region_162,1062.0,73.41159142206897,67.20082895913758,45372.0,28.519332492237524,4136.0,71,2
Region_163,695.0,81.24879935255261,71.80353818649125,23642.0,24.39778832018265,2311.0,72,2
Region_164,845.0,68.88629737200847,51.05316857268642,48001.0,8.198423112794579,4230.0,73,0
Region_165,1101.0,91.82824066461664,88.91986394002978,54064.0,13.687677060629523,2891.0,74,0
Region_166,1413.0,79.37268021170371,77.40959529894988,114826.0,15.88484115439339,1817.0,75,0
Region_167,1404.0,64.70223396104858,67.8906612755535,34122.0,14.899039718690124,4230.0,76,0
Region_168,1421.0,85.7029599894914,49.02972990876504,44820.0,21.73271522904698,3610.0,77,2
Region_169,1304.0,76.38238650723929,42.6929103499013,88431.0,27.297327581414063,2162.0,78,2
Region_170,239.0,76.72279456286235,56.00299162604917,75745.0,12.6512865880697,4808.0,80,1
Region_171,1298.0,74.0543974193793,77.65936679567014,70081.0,18.79692841052964,676.0,81,2
Region_172,1458.0,74.85059744106245,53.46656491510125,90902.0,24.73523554783964,4209.0,82,0
Region_173,1450.0,88.26781405331204,66.97781102477526,28711.0,15.405451471133734,3464.0,83,2
Region_174,1356.0,55.14907396656578,76.39735883653717,105132.0,9.202953209982397,1425.0,84,0
Region_175,682.0,66.71814056552411,45.397185732323216,38793.0,16.873774131593706,1231.0,85,2
Region_176,677.0,53.775168190194464,74.26490080579367,28199.0,6.380563018575712,540.0000000000002,86,1
Region_177,1022.0,87.66231103737255,44.59354438550224,96253.0,28.55958635005692,3779.0,87,2
Region_178,1332.0,63.61509273601497,88.25648710634982,56191.0,6.870530129874325,3584.0,88,0
Region_179,1432.0,94.87152049094422,64.41970650324697,30211.0,15.961417881264454,3346.0,89,2
Region_180,759.0,76.32892333296469,47.53380538549387,83069.0,18.247031527213156,1990.0,91,1
Region_181,1484.0,90.03748857430605,57.11918180167733,108896.0,29.63259580718214,4458.0,92,0
Region_182,698.0,98.94657178079804,60.67082246476308,76746.0,9.15054559107152,1932.0,93,0
Region_183,367.0,91.98944297282851,77.90925055382687,41542.0,7.860787965308964,4958.0,94,1
Region_184,1298.0,93.34968800057618,77.17118930383046,51312.0,5.2176536765635895,3037.0,95,0
Region_185,1307.0,70.39922476824223,70.59702526686655,65242.0,8.889285921732558,3209.0,96,0
Region_186,733.0,77.58612976296699,45.29653562792465,113783.0,10.181824476691691,4825.0,97,0
Region_187,713.0,62.69442820216521,47.57846857938368,107893.0,20.764523539577308,4580.0,98,1
Region_188,1447.0,59.80565498467264,44.68784603227783,75388.0,10.49266975978501,731.0,99,0
Region_189,1306.0,75.2753939553017,68.85863916437751,47691.0,5.51302036823313,1123.0,100,0
Region_190,1186.0,79.75244898502103,83.8569220755702,97960.0,25.665458637562217,2437.0,102,2
Region_191,491.0,66.96356229480955,61.690025612738594,104388.0,14.13989252509917,2444.0,103,1
Region_192,613.0,78.47217588817502,48.04240869788731,42601.0,13.842417164518348,2743.0,104,2
Region_193,1341.0,94.37302412567516,67.90211625744836,38020.0,12.561975729198164,1420.0,105,2
Region_194,1459.0,77.8360792391683,80.58761084328549,28155.0,29.38433192866052,4794.0,106,2
Region_195,1460.0,86.04065481552533,77.0856030756465,89119.0,9.252885432732036,4390.0,107,0
Region_196,1186.0,90.26574836789526,84.07253898375106,101051.0,27.45595159883088,2206.0,108,2
Region_197,1001.0,99.43643909777214,53.89510486244339,56777.0,24.4200833034972,2630.0,109,2
Region_198,1154.0,80.15987010884898,49.69769336338874,39710.0,6.911998887482827,4441.0,110,0
Region_199,748.0,90.3425074481293,83.99082429709694,44532.0,29.66822753752122,2209.0,111,2
Region_200,162.0,98.13246592774374,72.87801563890116,38601.0,11.784149088475264,3298.0,114,1
Region_201,51.0,97.22048627886367,55.54644650037771,83227.0,7.464573175560307,3781.0,115,1
Region_202,691.0,57.05409243888568,77.11740252862546,24967.0,25.732855853143985,3879.0,116,2
Region_203,269.0,70.3196154136761,80.75591922401838,104289.0,22.666888341942496,1677.0,117,1
Region_204,904.0,66.19950305533999,70.74891201705663,40022.0,20.43047014694752,3522.0,118,2
Region_205,1298.0,54.346250747517466,74.39420549399576,63463.0,8.899521592473329,77.0,119,0
Region_206,434.0,81.66203874554803,58.76299522213331,94671.0,16.96240290639905,2035.0,120,1
Region_207,1476.0,86.79523065980013,66.93478336715195,25722.0,24.513900672180345,4203.0,121,2
Region_208,1203.0,92.40640477334418,66.20795853630811,47413.0,12.590598453596003,1571.0,122,2
Region_209,1126.0,56.13884448313542,82.4023895565386,112772.0,12.792245712876037,346.0,123,0
Region_210,779.0,93.82220379376469,81.99819901410913,101050.0,5.078522651203052,2231.0,125,0
Region_211,1489.0,82.14627818071267,81.63402346735216,105867.0,9.356085041134488,3452.0,126,0
Region_212,295.99999999999994,85.19730675692547,40.551580713123286,103596.0,26.885140628045857,2346.0,127,1
Region_213,885.0,95.5312001770152,77.47727422344441,86732.0,16.043662290942677,2647.0,128,0
Region_214,252.0,81.23806355216256,77.93381950555025,32297.0,29.60586248086085,951.0,129,2
Region_215,1257.0,66.79329285749175,73.91894114275709,88323.0,14.892699089344816,1148.0,130,0
Region_216,172.0,91.25536657113298,77.81323289457262,43816.0,22.87966136950603,1727.0,131,1
Region_217,450.0,68.15296060975453,82.09851857483544,60695.0,12.047976072618228,2931.0,132,1
Region_218,816.0,51.71140554102646,63.51595270508928,39702.0,14.095241028523338,4916.0,133,0
Region_219,343.0,91.53272532826249,65.10251067442236,45242.0,9.768149689772368,1428.0,134,1
Region_220,329.0,67.25960724406377,46.23570284556952,75841.0,13.676559212484875,1298.0,136,1
Region_221,933.0,88.69172616006702,59.26879415236809,87712.0,18.68093801051608,3785.0,137,0
Region_222,247.0,68.13789473329727,72.16825899558921,105663.0,29.79432202448124,4291.0,138,1
Region_223,1031.0,93.05340099873608,79.01998880736372,112764.0,21.60504282679464,1314.0,139,0
Region_224,801.0,60.975526254047935,50.860454884560525,73574.0,9.98114886020785,1957.0,140,0
Region_225,193.0,98.7273632599435,46.89114495796177,105744.0,6.124036039788779,1108.0,141,1
Region_226,658.0,88.98793873940154,73.15210022502461,48482.0,8.158912032862766,2799.0,142,0
Region_227,1274.0,55.71189629601984,40.09399417624553,29171.0,19.063880031826184,2098.0,143,2
Region_228,1197.0,78.28883099832802,48.918629215366494,118932.0,24.12900822041916,4298.0,144,0
Region_229,236.0,99.26836561208674,41.45356901719769,23696.0,28.510480182518677,2526.0,145,2
Region_230,1399.0,73.55327263469073,48.34425589274355,40058.0,5.39557929992052,4066.0,147,0
Region_231,513.0,59.105356941079165,49.06596399627526,40313.0,18.069003539046747,4653.0,148,1
Region_232,1422.0,74.2389183575173,59.383679737519714,39149.0,16.77168390557942,3247.0,149,2
Region_233,709.0,75.62288279409609,60.1163562343278,73521.0,21.4013755493926,4636.0,150,1
Region_234,813.0,87.08434721143328,83.7131235305119,65740.0,18.989471361633548,3603.0,151,2
Region_235,1004.0,84.94229265804522,65.50548562494126,24956.0,22.17597876456201,4490.0,152,2
Region_236,452.0,70.12750217984903,76.17023828061431,95731.0,21.45206461872976,1811.0,153,1
Region_237,1419.0,60.90115537470432,45.20686789601437,102612.0,7.925293121448654,270.0,154,0
Region_238,196.0,82.25270838846647,51.27193777318469,86641.0,24.99294784046799,4868.0,155,1
Region_239,1221.0,71.08519672766408,75.14717204893384,83811.0,8.08081439290812,4673.0,156,0
Region_240,913.0,56.61381055626652,42.64019802342641,72160.0,22.463265630228427,2938.0,158,2
Region_241,538.0,95.02861506181928,64.32988311218766,71313.0,15.403634191015168,1714.0,159,1
Region_242,978.0,84.56109288048272,69.9684482831467,83232.0,17.846268364414946,4036.0,160,0
Region_243,600.0,84.15919282227406,70.10728220262405,35417.0,27.58245035939276,4626.0,161,2
Region_244,387.0,91.12919379558367,41.1466405634021,44729.0,27.247093161837164,3027.0,162,2
Region_245,921.0,76.48308393275406,56.10540021145928,50099.0,25.44640764137574,1921.0,163,2
Region_246,690.0,90.75272142012284,71.8245325524577,118134.0,17.753709511408083,1512.0,164,1
Region_247,522.0,74.90453767555029,47.449986807462174,49961.0,23.40599525334583,394.0,165,2
Region_248,200.0,53.35876999578551,74.77078241640265,32602.0,17.822426387970232,94.0,166,1
Region_249,1488.0,70.26240440138443,77.29626044068372,29256.0,26.74015206186944,2118.0,167,2
Region_250,1371.0,74.87324469899453,89.09845952230727,106120.0,15.069395830822495,1564.0,169,0
Region_251,312.0,86.01012908161479,50.49209974282047,54681.0,29.25588361037192,2648.0,170,2
Region_252,193.0,55.32893650643372,81.25653338330577,111328.0,28.30806895572194,1051.0,171,1
Region_253,395.0,57.00092693302245,66.0148288459327,107440.0,23.54006548629464,1083.0000000000002,172,1
Region_254,673.0,63.18419013173082,58.67312980720867,84789.0,11.9853971044018,2090.0,173,1
Region_255,1066.0,63.32491966854411,46.1188378662589,63361.0,8.29133971983146,323.0,174,0
Region_256,930.0,86.60922892295312,76.77528032437688,84503.0,26.367586252329936,2697.0,175,2
Region_257,51.0,62.53653302807989,51.792879957184354,54540.0,9.132557153449032,1829.0,176,1
Region_258,946.0,81.65490316787238,58.57110009365229,46536.0,26.356519724933392,4526.0,177,2
Region_259,1377.0,74.71369250691357,43.127111344868425,104700.0,17.269125167809012,528.0,178,0
Region_260,303.0,78.66471890897003,80.06834579097595,83043.0,15.163919595202604,565.0,180,1
Region_261,502.0,91.9053481589148,78.32942619858217,98532.0,27.57976947086073,4336.0,181,1
Region_262,1110.0,70.21907507745121,76.68079150211562,76575.0,20.096274563506945,1241.0,182,2
Region_263,1233.0,88.54556885321352,54.972175524594334,22871.0,19.415350178242942,2718.0,183,2
Region_264,1064.0,71.10180297753436,48.67400371329786,66002.0,18.969148615609942,1461.0,184,2
Region_265,58.0,67.69356882806247,71.87766322351149,69812.0,14.279237900488283,3330.0,185,1
Region_266,1306.0,97.93135886566102,64.80831920566098,42626.0,24.641077588228185,321.0,186,2
Region_267,1172.0,59.21854603394816,48.91262334523208,79979.0,11.319961100394323,192.0,187,0
Region_268,865.0,54.5168480288804,74.29556355249318,96057.0,28.47237400103188,3382.0,188,1
Region_269,257.0,88.54929627677393,89.55632159106518,86668.0,27.34963012617402,837.0,189,1
Region_270,1204.0,53.41248526770458,77.36097938710188,119003.0,13.437008141872454,1731.0,191,0
Region_271,453.0,91.85394953515149,76.99931933428059,100070.0,23.236594245791597,672.0,192,1
Region_272,201.0,71.85966981786217,87.51563764652958,109390.0,19.330579861239787,3891.0,193,1
Region_273,103.0,95.77568386459568,50.14681837874511,62998.0,13.441232549980866,3726.0,194,1
Region_274,1193.0,86.07664305609528,68.27749824607201,83814.0,29.713041199886167,2622.0,195,2
Region_275,677.0,80.52023335039789,88.98233575169417,65607.0,5.630933646206605,3310.0,196,0
Region_276,636.0,97.46533985288828,48.26470554850873,27812.0,11.316150765532166,4762.0,197,2
Region_277,1493.0,69.83246865260271,75.01259797222605,81844.0,18.00185152777876,116.0,198,0
Region_278,1495.0,97.70434682698166,69.2905072985951,90093.0,18.048825086964097,4336.0,199,0
Region_279,153.0,56.75006387106035,69.32395460943535,22179.0,19.723326873639103,4666.0,200,1
Region_280,303.0,74.18774709662064,74.88353137600376,63798.0,23.79190430057298,1190.0,202,1
Region_281,1300.0,63.49556111960975,86.48084614378422,94601.0,20.58694576298241,2364.0,203,0
Region_282,1185.0,76.99213894540966,79.1290969925669,28275.0,20.007036513200923,2582.0,204,2
Region_283,559.0,58.10069389457923,42.8068051708105,70574.0,6.337861572826082,3630.0,205,0
Region_284,148.0,92.07648301550216,82.63640099378557,67857.0,14.413257194732456,1237.0,206,1
Region_285,202.0,92.32039246572786,51.27706649628663,40700.0,10.8013934925289,4521.0,207,1
Region_286,963.0,97.76181563617396,58.8457082368186,59464.0,11.634252790049386,4798.0,208,0
Region_287,927.0,57.733607044161815,63.08664068061911,62351.0,18.85843685850862,3389.0,209,2
Region_288,387.0,81.16662754524954,64.04530003765348,113330.0,9.987632873240212,598.0,210,1
Region_289,871.0,73.71186543501848,61.75901996276784,114319.0,12.348727525422438,4137.0,211,0
Region_290,1236.0,67.21918660221166,86.86766471079322,102534.0,10.927117712933502,122.0,213,0
Region_291,1006.0,67.57700805671094,75.30095038320124,33869.0,28.71257358045487,248.0,214,2
Region_292,210.0,70.63967753033762,71.55853229783531,80315.0,28.61664330427738,3251.0,215,1
Region_293,850.0,85.24627748444766,42.49210138914708,113688.0,20.248538964901293,1831.0,216,0
Region_294,447.0,79.91430291340774,85.19566651301874,40954.0,28.113061718297494,621.0,217,2
Region_295,1350.0,72.98407563805655,85.46950960041981,51555.0,24.64531613670933,840.0000000000002,218,2
Region_296,865.0,53.79667051848111,79.01065317150511,83353.0,19.748697070045218,1688.0,219,1
Region_297,1465.0,53.888267203947855,40.35146019068096,102190.0,5.160880287419893,1881.0,220,0
Region_298,1208.0,50.11696953128892,42.86401255388117,65026.0,24.3129071519851,1905.0,221,2
Region_299,1268.0,98.38496941035432,51.26118511342449,66976.0,22.56220853971172,1224.0,222,2
Region_300,450.0,50.262690927919245,46.56747040724534,100578.0,20.38134133206035,3790.0,225,1
Region_301,689.0,55.15468730068724,59.94180148518648,111502.0,24.010607792061798,3327.0,226,1
Region_302,1106.0,65.72982784047055,86.13115290438948,65095.0,17.823054119369143,228.0,227,2
Region_303,737.0,90.37151259083804,63.60302170984991,34270.0,22.60208178303348,2294.0,228,2
Region_304,509.0,98.10493928820588,40.67013132160828,50908.0,28.379302168162333,4136.0,229,2
Region_305,1004.0,89.5006779395928,54.1372844789381,35523.0,14.395125396152157,784.0,230,2
Region_306,519.0,84.52801162228204,42.22974541864808,82433.0,22.703045872515634,847.9999999999998,231,1
Region_307,1448.0,76.06503337067846,41.81438113067511,67068.0,16.892195450273967,837.0,232,2
Region_308,1095.0,54.33526059310918,53.785992654777615,39991.0,21.859991295349538,2845.0,233,2
Region_309,799.0,97.90853965019652,53.78061693394727,30775.0,24.072333388859104,4354.0,234,2
Region_310,87.0,87.91962069728407,79.35633013008021,97801.0,6.1363125108949,4638.0,236,1
Region_311,279.0,81.94746926671309,88.7417326390556,104995.0,21.165011098716548,3134.0,237,1
Region_312,1438.0,87.95179227694248,58.56035469449992,81250.0,10.668529610173614,2968.0,238,0
Region_313,612.0,86.20516646365692,61.44434394305193,36673.0,21.75081344518917,781.0000000000002,239,2
Region_314,487.0,81.86157898947434,82.23947181430107,47056.0,16.70825464834534,1179.0,240,1
Region_315,1356.0,99.0288400089994,53.40695100477567,26614.0,24.33881854662218,3496.0,241,2
Region_316,76.0,95.16819063180124,47.8190902201724,27415.0,8.08502038013991,1655.0,242,1
Region_317,275.0,82.33324595585816,82.65448117018252,108691.0,20.65805879140488,3828.0,243,1
Region_318,1350.0,84.65876057284623,42.32502932200328,63884.0,11.961768223188807,2795.0,244,0
Region_319,847.0,52.5797903329355,70.98497200997079,36964.0,26.324549883264787,3220.0,245,2
Region_320,333.00000000000006,83.49587322750196,68.09964237334034,57726.0,28.209587640907685,4739.0,247,1
Region_321,928.0,52.208271885505006,57.29602237508472,57044.0,29.909957341976387,2983.0,248,2
Region_322,1009.0,79.41318784849655,55.759476054867946,77149.0,24.900185060682084,1265.0,249,2
Region_323,502.0,99.96767497829174,78.59288630908107,57544.0,23.843351760700116,374.0,250,2
Region_324,1069.0,77.79032907185898,44.32123053812733,69976.0,10.387518971688776,1900.0,251,0
Region_325,865.0,73.66050590406667,51.83921546556927,52252.0,13.40017647475272,1540.0,252,2
Region_326,708.0,65.64274282527938,76.62243659190449,23832.0,16.642063544056988,943.0,253,2
Region_327,596.0,56.02612893932322,67.41602918632121,110811.0,24.334526194556243,1440.0,254,1
Region_328,1265.0,86.55118357291408,46.39941042667932,100437.0,27.874146626949216,3439.0,255,2
Region_329,1122.0,59.62995138928152,84.106780714103,54148.0,9.728477500574616,4289.0,256,0
Region_330,66.0,55.76410106236422,59.672392328179576,81240.0,28.05918711675257,4529.0,258,1
Region_331,1245.0,71.08813298652562,81.39341876610864,108454.0,22.39061630885145,2313.0,259,0
Region_332,1293.0,89.76709189795487,79.38565077638543,105076.0,20.26926826712597,3482.0,260,0
Region_333,207.0,87.25322740601102,71.2212723235864,97116.0,9.996031782048487,2421.0,261,1
Region_334,526.0,52.74413073232375,64.72405656475465,73459.0,6.388125820228764,3136.0,262,1
Region_335,1119.0,72.7571842518078,88.97754201908785,58402.0,19.2116224626985,4362.0,263,0
Region_336,1446.0,76.12172880355845,47.24825361899085,77727.0,21.28789208322231,1565.0,264,2
Region_337,567.0,82.22733253129111,76.25778637755573,58578.0,10.269536233867209,2967.0,265,1
Region_338,148.0,82.50836752216141,49.55953507323945,110453.0,18.911405145636408,2402.0,266,1
Region_339,1110.0,68.23486247286529,56.91315526661742,42318.0,26.41233506906434,1217.0,267,2
Region_340,329.0,78.0338597001757,55.434937168659765,95715.0,25.8766486363755,160.0,269,1
Region_341,1422.0,74.05309419220433,87.35179938693615,97787.0,28.18387951465743,4377.0,270,0
Region_342,546.0,94.24991782616404,88.36780888941377,105029.0,14.147145238922011,3705.0,271,1
Region_343,351.0,76.51325663174501,49.15077221173636,40466.0,12.951239313772968,3843.0,272,1
Region_344,230.0,72.05160808740808,41.10175801487521,115742.0,23.735650149520215,1805.0,273,1
Region_345,656.0,70.22427248409254,76.00040198315565,65475.0,15.777810127425123,1627.0,274,1
Region_346,1172.0,78.62138797167329,60.89949669352421,80142.0,7.188716600694516,1346.0,275,0
Region_347,749.0,90.19884897004488,44.44201225437822,105160.0,12.070028266762492,3824.0,276,0
Region_348,1042.0,76.92007451903937,74.18770527885212,46564.0,15.464557138287228,2270.0,277,2
Region_349,1189.0,83.08275875402708,67.25527641303498,42412.0,12.3129106369063,1022.0,278,2
Region_350,240.0,86.89278834532625,89.0258411000553,113526.0,13.30513927368304,1080.0,280,1
Region_351,301.99999999999994,76.00840549393659,51.37047479306895,71001.0,12.344397654359769,2643.0,281,1
Region_352,1030.0,71.34085283274322,60.19889381632741,77649.0,6.0374791795769855,4042.0,282,0
Region_353,977.0,93.83326889312248,67.12729016977114,80957.0,20.927367520611064,4663.0,283,0
Region_354,1234.0,70.87530420139461,79.58499942266758,55517.0,19.93231050883673,963.0,284,2
Region_355,1329.0,73.09714252877939,67.44193283600293,33156.0,21.33458746196701,2231.0,285,2
Region_356,1396.0,99.51706566708886,70.64500804309746,43064.0,9.807747400840686,3247.0,286,0
Region_357,177.0,50.01187617879423,51.30735257949704,45711.0,12.391363540312131,1512.0,287,1
Region_358,67.0,59.27364547883612,82.34593640442799,50106.0,20.490398173623056,2428.0,288,1
Region_359,615.0,69.19819449598629,61.43152734852379,85458.0,19.99068921149804,3504.0,289,1
Region_360,619.0,96.62949547126264,47.04798137608847,36589.0,17.658257733856694,3603.0,291,2
Region_361,1396.0,53.50148528737356,73.20939572527087,109272.0,13.760331250254936,1357.0,292,0
Region_362,735.0,50.4742716814249,50.80452265926537,106511.0,27.82327511936725,1239.0,293,1
Region_363,675.0,52.63419179886143,44.87812551196499,27214.0,13.494256057471096,737.0,294,2
Region_364,1361.0,54.42717053068091,83.09934542021361,116117.0,16.39047891093129,4711.0,295,0
Region_365,903.0,51.87983866031304,63.00811322442198,105731.0,21.95284577385522,1257.0,296,1
Region_366,1011.0,73.98906634282524,77.46418563478882,47127.0,18.575535771669102,1944.0,297,2
Region_367,204.0,79.03786036136638,54.52937799031776,25141.0,13.67214940910964,4972.0,298,1
Region_368,539.0,63.584348553450205,79.34850674588331,48884.0,15.891119761412746,1861.0,299,1
Region_369,1459.0,69.91436919878177,45.59679635107652,110421.0,24.86202044633765,3233.0,300,0
Region_370,834.0,54.58496675557151,57.79866868974264,22708.0,11.953228887165311,3847.0,302,2
Region_371,1177.0,66.81852319142111,88.90309089867642,38375.0,8.556380994420385,1694.0,303,0
Region_372,1466.0,76.12595958172615,79.6994858184003,35088.0,12.829080045744426,4018.0,304,0
Region_373,295.0,86.61359035923226,64.8627965157344,77615.0,26.238355387197533,2766.0,305,1
Region_374,1249.0,50.16731810214896,56.98887357809426,65046.0,7.224742871408667,240.0,306,0
Region_375,1112.0,73.36553832688263,83.60678500112382,30014.0,29.792401834311296,1385.0,307,2
Region_376,808.0,64.85014382274412,67.24238795422579,84425.0,18.525072473191564,4853.0,308,0
Region_377,587.0,92.64109108459508,77.92125089345555,23273.0,29.62114359917735,3156.0,309,2
Region_378,970.0,85.77766576171209,77.70538401580819,67135.0,28.47491055214944,428.0,310,2
Region_379,457.0,79.45542672354475,40.89728392842459,50881.0,16.32034285527292,4532.0,311,1
Region_380,574.0,63.86328228483868,46.31268913963067,117022.0,9.962276865133727,3879.0,313,0
Region_381,877.0,95.51695510287672,72.9814683197371,98077.0,9.12211941412846,665.0,314,0
Region_382,952.0,52.25503386101616,48.08099056429357,28712.0,10.999734096748938,2380.0,315,2
Region_383,85.0,55.47337993395576,52.77466723278023,94704.0,22.753316014113437,1804.0,316,1
Region_384,734.0,69.5815070270178,87.33189770998035,72874.0,11.823749868287196,512.9999999999998,317,1
Region_385,69.0,56.22187786484282,68.00911291874559,89087.0,13.535631740107458,1016.0,318,1
Region_386,370.00000000000006,97.82078487797124,77.53647534996736,32297.0,16.21947009986537,4317.0,319,1
Region_387,561.0,89.89946610716916,67.89903693913199,47128.0,27.830817010536407,3208.0,320,2
Region_388,449.0,62.94913258009069,67.62568073913626,88368.0,9.734835447121151,3674.0,321,1
Region_389,703.0,79.42771144866227,44.707595506284896,114019.0,5.125663815245078,4988.0,322,0
Region_390,1021.0,99.11652575400409,57.18315963045515,107599.0,6.502410259454255,739.0,324,0
Region_391,520.0,94.20994890657516,54.121544934325584,108499.0,27.61915854200295,2672.0,325,1
Region_392,1216.0,80.0399223221099,59.53641828068066,98958.0,21.18791162108408,2262.0,326,0
Region_393,1165.0,95.18619835876352,79.91720941121642,52920.0,11.82601548319517,432.0,327,2
Region_394,1427.0,99.45924549066794,58.59663339584324,31156.0,9.42981252527978,2306.0,328,0
Region_395,883.0,87.1676411446812,62.584840961584135,31108.0,12.356668415927858,3860.0,329,2
Region_396,776.0,53.2493204741447,59.86906952426583,51845.0,7.869923181282003,3553.0,330,0
Region_397,903.0,70.07901182127438,44.67039859876478,22800.0,28.538322757111025,1462.0,331,2
Region_398,100.0,91.89128676416227,62.05360791253919,62712.0,24.60515435913167,1633.0,332,1
Region_399,624.0,61.52845979025095,49.78046365222575,22610.0,16.55977942281352,421.0,333,2
Region_400,1263.0,91.53212588753124,49.33616478865207,97603.0,26.624065127880048,659.9999999999998,336,2
Region_401,1198.0,56.016938101749794,44.70180522171332,53872.0,11.236455107330809,165.0,337,0
Region_402,199.0,52.34726785739065,57.83354870708824,30728.0,22.92801421180484,496.0,338,1
Region_403,363.0,69.20453057456248,77.87409423947088,115102.0,26.403312475343583,1441.0,339,1
Region_404,619.0,51.83659687133069,53.8220845291698,115319.0,13.919217790581817,3374.0,340,1
Region_405,1415.0,97.86351314916628,55.61745509427568,40583.0,23.936611136267945,1390.0,341,2
Region_406,354.0,91.3102847896983,72.13373288362118,105774.0,12.376808731607737,4560.0,342,1
Region_407,731.0,90.03848435649375,49.79204062934595,27263.0,12.47142838147577,2989.0,343,2
Region_408,887.0,81.48889614980766,84.84789652117672,87450.0,7.676429463854651,3749.0,344,0
Region_409,1127.0,60.81620115182768,66.00952616257771,109285.0,16.001451162734966,1123.0,345,0
Region_410,1052.0,75.91301833381961,62.38014701601085,39456.0,23.24279766243556,4863.0,347,2
Region_411,493.0,79.86370362151705,67.89100959646007,111118.0,28.50552013928212,3619.0,348,1
Region_412,662.0,76.25157504301342,48.30171567080977,85942.0,20.094924798227403,3200.0,349,1
Region_413,1042.0,63.011668397576365,70.67365693195882,33689.0,26.578388443393475,1655.0,350,2
Region_414,313.00000000000006,75.76239621573629,58.15503683170052,52934.0,25.56236623225568,4707.0,351,1
Region_415,1126.0,74.55931704343132,84.85931704823095,53276.0,9.333576324382022,2344.0,352,0
Region_416,1053.0,99.8167887903362,48.44271033388431,39873.0,17.145435722815787,3712.0,353,2
Region_417,54.0,94.8718074023102,65.35255519327205,33050.0,7.923088388134786,4532.0,354,1
Region_418,1176.0,73.16903741078099,69.9056314684509,86216.0,22.053829039040878,4847.0,355,0
Region_419,1269.0,81.14686914675593,41.66918008931906,104444.0,28.747491706151894,1033.0,356,2
Region_420,823.0,87.39358020461142,58.18465623780701,104040.0,8.427236451968913,401.0,358,0
Region_421,926.0,51.743258011691246,76.63176173504164,41644.0,23.34707827006353,1774.0,359,2
Region_422,1041.0,94.746072061392,81.01887537244866,82021.0,20.80595377169652,2001.0,360,2
Region_423,933.0,93.00634082089618,55.65809974086412,57125.0,19.590125925202493,1329.0,361,2
Region_424,1423.0,72.87160488868537,79.92966361913756,86899.0,14.75300586720848,1957.0,362,0
Region_425,96.0,69.558488304019,88.38779385516943,62291.0,13.878291193845314,4898.0,363,1
Region_426,916.0,63.64796874281575,82.84369680375471,55060.0,6.1312297254721955,1074.0,364,0
Region_427,872.0,73.83384141651842,45.88219940796626,21538.0,10.447717706300336,595.0000000000002,365,2
Region_428,985.0,52.21883317666184,76.98651660427703,56176.0,5.379422057170672,4224.0,366,0
Region_429,705.0,92.6096766673504,55.98334162202724,61520.0,19.535427639550512,2431.0,367,2
Region_430,318.0,51.77111842092725,89.42079947060382,45675.0,7.64633089694772,938.0000000000002,369,1
Region_431,419.0,66.45256826849355,64.26794915799435,38287.0,26.825484850742903,1155.0,370,2
Region_432,685.0,96.5794744159495,46.12169491794705,20174.0,18.07857551742913,2599.0,371,2
Region_433,1179.0,86.76063272617264,76.25927740136953,112268.0,22.49224772646771,2040.0,372,0
Region_434,706.0,64.06954802887634,56.150559919310695,54998.0,15.271427296012412,4048.0,373,1
Region_435,169.0,62.632454698044256,89.85390785408308,73312.0,19.014495225026216,3825.0,374,1
Region_436,880.0,50.2541069909013,88.9891228927261,32112.0,28.566479424165763,2862.0,375,2
Region_437,1131.0,84.7857146424875,72.80670090102903,95225.0,7.068350990591769,970.0,376,0
Region_438,1419.0,52.43917908365866,46.49132244758588,64814.0,11.348444298092405,4695.0,377,0
Region_439,790.0,76.63012597003811,74.34304988375146,105091.0,24.499708172763608,2111.0,378,1
Region_440,166.0,98.10609862960249,44.65152432300136,70719.0,7.468430172066647,4537.0,380,1
Region_441,840.0,55.473443002722696,41.46820795511962,53919.0,6.891527597602771,3689.0,381,0
Region_442,1200.0,94.72399654840336,81.1479223110743,93155.0,14.038534968850964,3215.0,382,0
Region_443,1466.0,99.5737667572524,50.48764738418407,91569.0,7.304198961810808,4485.0,383,0
Region_444,1062.0,53.07585131196176,58.95135631095487,61328.0,19.62696105515508,2694.0,384,2
Region_445,1131.0,94.14531345687304,88.67286949880867,90482.0,10.656881270414996,4902.0,385,0
Region_446,683.0,75.80395102218083,56.84202509305516,44618.0,27.39244907998431,1094.9999999999998,386,2
Region_447,562.0,95.325685972229,54.82448906416576,54675.0,24.587502021131417,3606.0,387,2
Region_448,851.0,78.56594709597871,85.91039998113877,38919.0,22.492630152486903,2731.0,388,2
Region_449,1169.0,83.10560050532823,45.5374222659479,24173.0,20.42360068461255,3249.0,389,2
Region_450,1191.0,77.18894539986997,77.97912050573159,46400.0,26.586643258536583,988.0,391,2
Region_451,609.0,93.22464401536745,89.4032783326387,70445.0,10.57655153856892,4993.0,392,0
Region_452,537.0,86.69549594768509,85.06480053873244,90305.0,26.82772106910569,491.0000000000002,393,1
Region_453,1310.0,76.06301560902074,72.5833959353213,57564.0,24.737307460601308,2600.0,394,2
Region_454,946.0,93.40804020257735,55.7030397496366,65814.0,23.704020659692137,4275.0,395,2
Region_455,1345.0,62.26427661276673,52.71609905891584,99747.0,19.0313919518731,646.0000000000002,396,0
Region_456,1262.0,57.8670329851263,80.96275524357306,108791.0,11.156104024265002,1555.0,397,0
Region_457,753.0,58.0200052665036,83.99109569758477,47962.0,15.588697899797408,911.0,398,2
Region_458,630.0,66.7004439372619,66.27174562728464,104892.0,24.83926636347004,2690.0,399,1
Region_459,839.0,61.93450156505088,52.2169970393233,105842.0,5.794462108933111,3781.0,400,0
Region_460,910.0,96.50451752548692,45.64716042055868,90533.0,24.55126923159396,1601.0,402,2
Region_461,295.99999999999994,55.2917046914292,44.35897339159156,76184.0,11.001768512189162,3286.0,403,1
Region_462,1149.0,84.94953690197939,75.95387236769278,102912.0,8.607730018040076,1786.0,404,0
Region_463,203.0,59.46107698925029,61.005936392386246,30578.0,7.892532954507555,1499.0,405,1
Region_464,1046.0,94.08185663851752,85.26799371389352,38624.0,5.681250298770378,314.0,406,0
Region_465,1159.0,98.06576440924536,76.98356503633818,59194.0,18.08966213053632,2709.0,407,2
Region_466,746.0,73.27350043849918,49.56302089572934,20389.0,10.456496817343236,2771.0,408,2
Region_467,1358.0,93.95357401140656,70.68887094078495,119303.0,29.73579414449079,1512.0,409,2
Region_468,1293.0,50.25725853773574,61.77527271990797,87391.0,19.360918896805146,4302.0,410,0
Region_469,1142.0,90.997345870405,68.86248653843066,33794.0,8.44713173390026,1495.0,411,0
Region_470,1120.0,61.43125807624617,76.90345616692585,78002.0,22.21906352028413,2348.0,413,2
Region_471,1058.0,95.4350654634684,80.30979405018954,55531.0,27.44358916274313,2975.0,414,2
Region_472,143.0,50.05600557400548,82.18686632033621,72815.0,23.62948738424036,1682.0,415,1
Region_473,1007.0,77.80908675198785,52.69874372860124,24986.0,6.910996525986192,2424.0,416,0
Region_474,1061.0,87.83179018924673,41.55577999586789,52298.0,27.397104529816488,561.9999999999998,417,2
Region_475,502.0,62.9344165348954,76.96473675823866,21481.0,24.84823464649912,265.0,418,2
Region_476,1277.0,59.656643229364654,45.31718631278873,76408.0,8.957597502640358,3381.0,419,0
Region_477,961.0,54.20491122339924,55.74597943064838,89267.0,6.294647218320421,2222.0,420,0
Region_478,267.0,66.32167882516465,40.19085670621736,36835.0,18.932764382857712,3203.0,421,1
Region_479,523.0,77.99221561544147,74.08347412008101,47798.0,8.900895283499423,1756.0,422,1
Region_480,481.0,55.79219283901288,48.35660057356106,111649.0,25.8647738148818,2156.0,424,1
Region_481,390.0,68.83476809933994,72.76412048458292,84887.0,13.958366416791844,1617.0,425,1
Region_482,600.0,50.45362023263625,89.58713085839194,39477.0,27.822311118414383,2258.0,426,2
Region_483,1362.0,90.93397102499208,43.63354358050081,37266.0,19.142204303525144,2381.0,427,2
Region_484,1327.0,56.422435904659565,43.85390059757304,106328.0,9.566809605991704,2203.0,428,0
Region_485,406.0,64.16714741327908,57.01900463333374,105988.0,8.489971683995002,1178.0,429,1
Region_486,72.0,50.92138593691087,83.31932571256709,63526.0,19.411810938943848,3560.0,430,1
Region_487,571.0,71.61203919462562,50.77649343956659,31889.0,24.047090296561095,4373.0,431,2
Region_488,1173.0,92.00607513706096,58.01889099651738,44335.0,24.537641193554556,3703.0,432,2
Region_489,851.0,69.60756057225983,43.425270331348976,31254.0,11.893935111032032,2415.0,433,2
Region_490,1253.0,58.97486617119167,78.15776456294446,106610.0,10.106168972804188,4947.0,435,0
Region_491,1296.0,87.68494170252596,60.41531713797255,31442.0,5.41890761230956,2971.0,436,0
Region_492,811.0,89.44034909353721,77.96243665304215,66289.0,21.979978780029235,4617.0,437,2
Region_493,491.0,58.68767376537834,85.18039221733974,73747.0,6.914206460838475,1129.0,438,1
Region_494,818.0,88.5427054270495,51.63815735506444,57327.0,15.519030044148144,3561.0,439,2
Region_495,1065.0,97.36489441281692,80.36980151699757,36199.0,20.042054100457403,2791.0,440,2
Region_496,1398.0,58.31887934661361,42.95469450391266,92827.0,28.427723622991927,3070.0,441,2
Region_497,565.0,88.54921462660678,84.94236940901237,20112.0,12.795053423894217,278.0,442,2
Region_498,1089.0,85.42860023013147,72.53842737793737,107051.0,11.244304061162994,220.0,443,0
Region_499,841.0,73.67869442175443,83.71133620691758,39581.0,21.35400385715246,344.0,444,2
Region_500,385.0,52.89602302793992,40.0094199778291,79722.0,20.48097580133954,4334.0,447,1
Region_501,307.00000000000006,53.7347208878927,48.45405351779962,112036.0,13.302744582703117,475.0,448,1
Region_502,546.0,92.62073295993238,59.4879693713246,117562.0,28.202545887744662,968.0,449,1
Region_503,945.0,99.50741863753235,58.97514516873593,36523.0,26.12155818724082,3303.0,450,2
Region_504,209.0,83.80261285933773,51.33651914617553,86960.0,10.599563646627027,548.0000000000002,451,1
Region_505,901.0,72.29791535051608,59.08059699336,39552.0,10.97856363586308,2859.0,452,0
Region_506,739.0,82.37868217009537,46.44243560001274,30808.0,17.807508672177015,875.0,453,2
Region_507,429.0,79.71979296142726,60.6380564633013,92525.0,24.33930254326801,3829.0,454,1
Region_508,1006.0,69.18061302028109,80.11771645796321,43620.0,6.101009484711611,1908.0,455,0
Region_509,740.0,53.28130722870065,63.95350315516756,20887.0,22.333378843367665,2168.0,456,2
Region_510,1341.0,91.07564737037204,40.90000444726075,51802.0,21.205897434552423,195.0,458,2
Region_511,1490.0,68.59167646193623,61.07220207896237,105024.0,10.787002397824706,4615.0,459,0
Region_512,1241.0,90.93928216785469,41.35875080454221,115549.0,22.03382533103372,3627.0,460,0
Region_513,1116.0,62.62543748441911,88.3121705353399,101938.0,28.504579781302063,242.0,461,2
Region_514,334.0,50.05147399228167,46.37269797114345,106741.0,6.169646124294212,3938.0,462,1
Region_515,446.0,57.94691416383783,75.38441631653095,46049.0,12.991301382301565,101.0,463,1
Region_516,61.0,73.42697083842921,88.63881614460429,97789.0,15.954417916658882,2460.0,464,1
Region_517,1375.0,97.21518174789148,81.30195258332859,104526.0,27.48150897311724,1870.0,465,2
Region_518,1326.0,55.10968098468595,74.96576875631018,27846.0,29.05653616522892,3014.0,466,2
Region_519,548.0,92.7104887230783,81.97304547503835,110563.0,16.10288116240831,2571.0,467,1
Region_520,803.0,76.3512048105931,89.08993466303139,66220.0,23.75071030355478,1919.0,469,2
Region_521,84.0,91.29603828999484,71.06722486267648,66163.0,18.291525594112077,2618.0,470,1
Region_522,776.0,64.91872154949964,67.95924034146633,23765.0,18.444573368534414,1917.0,471,2
Region_523,898.0,91.9973582336236,71.41190552316407,101486.0,11.95248787665891,2788.0,472,0
Region_524,139.0,88.64113900084023,66.63379433807775,65270.0,10.423906146596988,3319.0,473,1
Region_525,825.0,61.5026841515717,71.75445529548594,95277.0,12.20013364810103,3249.0,474,0
Region_526,654.0,56.566756320468905,62.49211039862796,108278.0,18.908200181426984,2629.0,475,1
Region_527,1019.0,93.40271612661464,50.92215914416536,110239.0,5.728879650552225,4055.0,476,0
Region_528,1071.0,98.1618326720066,46.01236132558378,42931.0,27.681223608910145,4985.0,477,2
Region_529,467.0,51.565115687375815,43.41704677661302,109116.0,8.907092738744407,290.0,478,1
Region_530,164.0,86.56350334868428,53.16578918766,75633.0,10.502216921784663,3490.0,480,1
Region_531,666.0,95.47622554739092,42.30617821678669,100702.0,17.95690441119116,4681.0,481,0
Region_532,1269.0,92.86800460462491,68.35853899596928,71913.0,22.752869158431984,1457.0,482,2
Region_533,875.0,98.22602361351042,54.191422351176016,114776.0,7.393226368609932,3552.0,483,0
Region_534,1148.0,88.00470392190485,81.2267404043516,45991.0,12.942367438679057,4088.0,484,0
Region_535,462.0,72.11493811904552,43.71204364941932,74845.0,29.21686513935893,132.0,485,2
Region_536,1449.0,65.59759952475652,51.31757471707429,118505.0,11.55857416952364,3818.0,486,0
Region_537,1493.0,66.03713702190637,76.5123073545073,75312.0,12.826253626578673,1000.0,487,0
Region_538,778.0,86.22113363070585,69.94041481917458,30561.0,25.91246226545084,659.9999999999998,488,2
Region_539,1350.0,87.29185060154822,43.22456356245838,36901.0,6.255360792261381,4719.0,489,0
Region_540,1070.0,60.01795717743563,83.86197285811002,115556.0,16.61532922022427,3655.0,491,0
Region_541,810.0,93.40614067452654,83.86308814130898,82875.0,14.490419111291756,4604.0,492,0
Region_542,725.0,85.74620201011238,56.52040019378869,45917.0,12.914668997716278,3333.0,493,2
Region_543,1467.0,78.13751431716913,57.02029216747823,82120.0,12.142489851119112,2223.0,494,0
Region_544,506.0,73.57662300512564,89.45141791750869,21988.0,7.28435262151023,3534.0,495,1
Region_545,969.0,77.16164028949791,71.30880857965691,34256.0,12.87064573379122,1572.0,496,2
Region_546,241.0,57.962286913963226,66.56582602840295,107728.0,6.076310067891715,2651.0,497,1
Region_547,788.0,60.18506246381371,81.90760917759621,48230.0,24.524096591110883,2707.0,498,2
Region_548,1172.0,54.55822452030959,54.26451691786582,79778.0,14.95569484895029,2209.0,499,0
Region_549,1027.0,57.682901908055634,61.45912966981784,65833.0,16.09759580799779,2499.0,500,0
Region_550,1058.0,72.68468173026413,53.38883377441671,42625.0,27.33986466125329,3880.0,502,2
Region_551,145.0,76.5177196864128,79.45804232943658,52088.0,21.45137459653052,171.0,503,1
Region_552,712.0,50.89309462391597,68.6674672817609,99650.0,5.201477583552995,4418.0,504,0
Region_553,1263.0,89.83989139320138,72.94125350700352,61167.0,28.57937057403213,1367.0,505,2
Region_554,86.0,64.7083986671739,52.61536249197033,91291.0,10.92861164944278,4543.0,506,1
Region_555,1442.0,95.59180174799556,51.01126506886576,85303.0,7.690354618996471,2568.0,507,0
Region_556,328.0,98.37556318068889,64.41873144914693,96361.0,24.203204459522052,1280.0,508,1
Region_557,266.0,59.27294373383272,76.87828745464134,108229.0,17.511932896667954,1183.0,509,1
Region_558,916.0,73.10486453828304,66.261987876008,24117.0,15.84426415045044,1351.0,510,2
Region_559,922.0,50.06159175832129,41.63228387728343,110265.0,11.237576992068544,4084.0,511,0
Region_560,1346.0,79.91636325612134,83.42757531601444,117718.0,18.68678724655797,1960.0,513,0
Region_561,111.0,80.36532241313355,43.23434467575658,80710.0,11.859615130064686,1555.0,514,1
Region_562,645.0,62.37699778016876,87.79122418603761,114426.0,27.53957513217669,3235.0,515,1
Region_563,778.0,77.9206336291599,41.25709791386364,114876.0,10.38011199332982,1966.0,516,0
Region_564,1415.0,61.27700712218677,74.72252280653544,87054.0,27.10887876139384,4965.0,517,0
Region_565,446.0,58.041273453909504,44.11035318558909,50949.0,18.985135643183924,3598.0,518,1
Region_566,748.0,82.57597334011324,85.53382897175698,42547.0,25.712203347381024,2807.0,519,2
Region_567,1092.0,66.29627319760374,63.22166181127714,101882.0,22.821149896523877,2006.0,520,0
Region_568,226.0,79.51319694428112,46.87618874085077,88136.0,22.417377785918717,228.0,521,1
Region_569,445.0,71.66233744858278,57.04078498949233,84619.0,13.108645192376391,945.9999999999998,522,1
Region_570,494.0,99.2175703701452,48.2412337673381,81842.0,10.847423286805087,1601.0,524,1
Region_571,1306.0,57.47903213337829,48.5290955778545,114803.0,10.272155692019703,541.0,525,0
Region_572,125.0,73.22992983179051,87.4054160085721,46990.0,26.42979142648972,110.0,526,1
Region_573,314.0,84.02283131796626,62.26230561423941,36193.0,25.5106705064755,1127.0,527,2
Region_574,504.0,69.77725419399843,79.44011319526797,50109.0,16.014338200307684,2945.0,528,1
Region_575,767.0,98.73499259353449,71.9802780588841,39233.0,8.310115337411364,4210.0,529,0
Region_576,784.0,86.09438139634676,73.82131811691961,101730.0,14.55630629943646,3733.0,530,0
Region_577,1457.0,82.84919287822466,46.58467192360192,54510.0,20.483586353422787,635.0,531,2
Region_578,900.0,87.85296338056116,51.70922234077428,21306.0,16.360078861998822,4010.0,532,2
Region_579,1440.0,97.63243190193586,79.33751675772184,23849.0,24.504731712074875,3820.0,533,2
Region_580,193.0,95.390932649232,88.53831032373915,32360.0,29.94057055628464,584.0,535,2
Region_581,934.0,86.21426540632059,53.13378212993258,114767.0,9.77830221122242,3512.0,536,0
Region_582,1142.0,87.45808195506416,53.57843823755199,65800.0,16.49127049148931,4061.0,537,0
Region_583,1172.0,57.29610370175728,63.64485664054524,56963.0,15.774597548020552,3448.0,538,0
Region_584,445.0,55.13962022463328,89.19201564277189,74330.0,12.612313318723771,2205.0,539,1
Region_585,1098.0,78.54522509220821,53.44794729132355,71707.0,9.95238791800724,1054.0,540,0
Region_586,997.0,50.918381847027,60.34859548171319,38689.0,6.64230291224148,2549.0,541,0
Region_587,940.0,74.11781907757958,84.57400078117533,49084.0,27.17798293059246,376.0,542,2
Region_588,1224.0,60.51747899594343,40.1460516310681,60387.0,15.49621744215794,4753.0,543,0
Region_589,1217.0,67.30082838224197,41.98829824942848,94816.0,17.422387962501222,2756.0,544,0
Region_590,618.0,88.79023678964779,70.20358385356096,22642.0,27.923551205022896,51.0,546,2
Region_591,1112.0,97.06187521161932,85.36900823564235,62137.0,24.407261937898696,1083.0000000000002,547,2
Region_592,158.0,53.62081360731708,51.94283302009639,99832.0,8.262531602929606,2531.0,548,1
Region_593,1115.0,76.71211029882225,63.48208873403545,75561.0,19.13549919019356,174.0,549,2
Region_594,1259.0,94.12667429098,62.52326508289092,82260.0,16.05630691298898,1154.0,550,0
Region_595,984.0,54.12542672202106,63.64856730477551,35438.0,24.93027681446907,2749.0,551,2
Region_596,447.0,91.2257023448417,71.12598478648727,68442.0,23.10581369029873,1911.0,552,1
Region_597,1296.0,67.89006754641358,63.48718814953419,22994.0,22.2601430477768,2970.0,553,2
Region_598,683.0,66.10473511096677,62.373407066122894,119575.0,13.513620886997424,178.0,554,1
Region_599,1206.0,98.87331931573928,63.71442102156303,21813.0,25.12409325998136,487.0,555,2
Region_600,1236.0,60.04295449311471,69.54337206355208,113027.0,6.309782389871531,4896.0,558,0
Region_601,1288.0,84.65969704113405,66.85037441756792,104381.0,8.990622535804182,2598.0,559,0
Region_602,782.0,91.07203640049332,82.70679988252522,75276.0,13.390581824447793,3179.0,560,0
Region_603,284.0,52.05917476396358,42.47484267468333,61243.0,6.920186026732033,1271.0,561,1
Region_604,707.0,83.51927291772061,81.66585357365062,82912.0,10.87485693836729,951.0,562,0
Region_605,800.0,97.57749871776636,82.1962306305862,80272.0,25.753774574947958,3218.0,563,2
Region_606,637.0,56.210998336402966,54.24540107654804,62051.0,28.706288444751983,4536.0,564,1
Region_607,1082.0,94.81106513425192,63.14259775079253,98854.0,12.615058894354762,3968.0,565,0
Region_608,1147.0,79.7388318688468,61.92692442687178,102736.0,11.612895099720957,1117.0,566,0
Region_609,1003.0,80.8302290931237,50.925491717706514,85618.0,11.997316306160672,76.0,567,0
Region_610,541.0,80.64720874328029,59.83984235431582,21920.0,11.942977183771095,597.0000000000002,569,2
Region_611,962.0,64.9417943168657,42.21938860854272,97219.0,5.898254554649325,2718.0,570,0
Region_612,1326.0,96.760090764973,53.89110363908672,96872.0,28.172908658277706,616.0,571,2
Region_613,1303.0,97.36752313155192,80.8341087725359,101132.0,10.34245353925821,753.0,572,0
Region_614,1247.0,81.26523301069739,54.22811508814488,22093.0,15.500101852035124,4330.0,573,2
Region_615,1241.0,89.17113629708074,80.91033343741238,32905.0,5.242172068524194,3190.0,574,0
Region_616,219.0,80.6128992940579,66.57997323022154,44351.0,26.44887727287643,1640.0,575,1
Region_617,1466.0,74.21992237870202,83.993133868058,50981.0,23.27893361137293,4993.0,576,2
Region_618,995.0,83.04100591496254,68.73897771322076,93903.0,28.66890087934258,4744.0,577,2
Region_619,844.0,77.65007262959793,41.48341115323699,90821.0,24.54038697990997,855.0,578,2
Region_620,683.0,79.8737931315965,73.77101037735446,102289.0,12.842662801301632,3841.0,580,0
Region_621,1267.0,89.19162767094309,42.24267840117843,104021.0,11.19683396821059,1407.0,581,0
Region_622,78.0,74.04519157244924,62.529850949156696,98513.0,22.442907688832324,3275.0,582,1
Region_623,1238.0,52.03770530462364,86.4713347236557,39874.0,14.102819375262486,3668.0,583,0
Region_624,1495.0,58.19997404947486,48.26019696689251,70931.0,19.15537539381541,2176.0,584,0
Region_625,388.0,71.93036082447692,59.4936176470772,27674.0,5.156436775661756,2510.0,585,1
Region_626,1438.0,86.24132799370292,76.49301544242391,70516.0,6.547142542011882,595.0000000000002,586,0
Region_627,1415.0,79.66393241550894,84.11292780474238,114574.0,18.38419852954128,2778.0,587,0
Region_628,549.0,82.5147092936727,73.5471502371254,80686.0,19.151791161204127,3784.0,588,1
Region_629,560.0,73.96394642881437,52.908662709558456,114851.0,23.786323611483592,2612.0,589,1
Region_630,1400.0,80.78710109711214,73.73039264581081,89212.0,8.299132990599043,2129.0,591,0
Region_631,266.0,66.45087189073311,54.836382055204496,22426.0,17.829577093919468,2691.0,592,1
Region_632,1374.0,73.50912963483326,75.92146149093676,110009.0,9.861191110792216,3164.0,593,0
Region_633,1205.0,87.21395327974778,87.70165637925203,88498.0,7.329902989067367,1976.0,594,0
Region_634,1143.0,93.59163894865604,76.06967255531441,49943.0,15.262394851513864,666.0,595,2
Region_635,1325.0,71.68276669781945,83.14402514562062,86395.0,9.08341620222643,3694.0,596,0
Region_636,1488.0,52.18308288536806,40.10519215879417,64816.0,10.544549454807964,1253.0,597,0
Region_637,494.0,58.08362720734013,75.87860623657971,24138.0,12.938864496737544,1809.0,598,1
Region_638,925.0,51.043056964576905,81.47937784326251,111176.0,11.484710018579907,2615.0,599,0
Region_639,1255.0,82.6631509618665,42.02793687723407,95945.0,7.1897824351486594,3224.0,600,0
Region_640,216.0,66.61573126775545,83.57988636441152,24017.0,7.247906121492557,3131.0,602,1
Region_641,140.0,77.12393178596838,52.83471141550229,30451.0,9.831235380854205,2680.0,603,1
Region_642,763.0,74.66384233918998,73.26460509890276,82956.0,6.263979698988473,3211.0,604,0
Region_643,88.0,54.07632447762133,80.01774395117033,113863.0,20.66142549192318,4371.0,605,1
Region_644,1199.0,70.16306805619159,73.13322565296778,30278.0,12.18316791272255,719.0,606,2
Region_645,222.0,61.028056246116165,44.61423960366286,110480.0,11.993649194226776,3218.0,607,1
Region_646,702.0,70.91998943338264,69.81607594301842,63764.0,13.299957355944128,2171.0,608,1
Region_647,803.0,60.178914017112135,67.47918283610719,21134.0,21.56990685524304,4128.0,609,2
Region_648,1293.0,92.02262031384667,85.01606340371357,82943.0,26.765847037087266,4201.0,610,2
Region_649,1131.0,58.70966682891268,60.21198648221046,115667.0,23.97717331389096,769.0,611,0
Region_650,525.0,98.03902757434884,56.05405485435251,74318.0,23.188230755627373,2650.0,613,2
Region_651,505.0,70.79536830734705,77.49253822182331,80128.0,17.10977964002123,3648.0,614,1
Region_652,878.0,92.31226460095246,60.63376630416983,108056.0,22.34513892418529,4719.0,615,0
Region_653,944.0,81.43824091029725,72.30480875025316,41869.0,18.81905920083958,716.0,616,2
Region_654,1434.0,86.76751493328763,72.32250450623035,25039.0,10.406263204663222,333.0,617,2
Region_655,1074.0,88.386194403339,84.4019532180059,41281.0,10.214709193526268,3953.0,618,0
Region_656,436.0,75.24224409465089,69.93462011595487,30442.0,12.409800171882086,3615.0,619,1
Region_657,397.0,77.16502616816442,65.10768049809934,93788.0,27.770066774245333,2284.0,620,1
Region_658,239.0,75.69979339043624,46.94356631982585,47586.0,18.685371009493142,4643.0,621,1
Region_659,554.0,79.40291890450396,45.78688033393527,73053.0,23.34763442504673,1515.0,622,2
Region_660,1264.0,51.46972228782536,47.71607826415397,70489.0,13.66396899541369,179.0,624,0
Region_661,1442.0,69.77575849245076,48.59242406635472,103104.0,15.192894266630631,4784.0,625,0
Region_662,1482.0,80.30943567805858,71.89385463318169,106346.0,8.139139465931285,2110.0,626,0
Region_663,873.0,79.88617826279321,77.04906251372893,87087.0,9.28237394554176,3722.0,627,0
Region_664,978.0,89.64780473028158,66.49957614632093,32625.0,25.68391387065364,2544.0,628,2
Region_665,983.0,82.75046694160542,81.45088662727454,54397.0,19.62096579222205,1041.9999999999998,629,2
Region_666,1190.0,99.60666581703362,89.56316133668166,78671.0,13.438311647095473,2171.0,630,0
Region_667,183.0,64.19272643043224,81.0006314559678,111785.0,25.07128022488865,2634.0,631,1
Region_668,107.0,67.95755148331158,74.74411868379795,86897.0,11.162997640949577,4246.0,632,1
Region_669,734.0,69.19235759338981,66.62463497185733,46149.0,29.40081746500509,2273.0,633,2
Region_670,721.0,73.29064035101243,62.44265358373541,80030.0,13.620440193654243,4572.0,635,0
Region_671,222.0,91.79990318906049,44.21961902722712,89906.0,13.43277385378069,3238.0,636,1
Region_672,864.0,61.78960469796049,59.96843741973454,25283.0,12.79779763841763,3287.0,637,2
Region_673,1222.0,88.80001035177148,85.50673183910672,27610.0,8.052787898107198,4186.0,638,0
Region_674,129.0,70.26550915428717,80.40113149532765,63326.0,7.7784286833003105,4574.0,639,1
Region_675,935.0,80.09276918310043,50.80256825058436,34924.0,21.202625863353084,393.0,640,2
Region_676,1286.0,81.62702666131531,63.33038923486079,96162.0,26.877951113951173,4511.0,641,0
Region_677,252.0,68.64243185944673,80.83616012792723,20869.0,24.76301275679184,4754.0,642,1
Region_678,813.0,75.63076026029026,43.36922773927613,117088.0,8.527689850533777,4873.0,643,0
Region_679,1302.0,70.65155873238484,59.36962928343296,21014.0,18.63955304480166,2326.0,644,2
Region_680,1300.0,53.456639309330974,82.59206184369738,30103.0,7.639788649415998,4970.0,646,0
Region_681,1475.0,71.85826944084133,60.19489320850619,102522.0,6.132366090326936,3251.0,647,0
Region_682,96.0,54.86966962767761,43.88073223657205,116007.0,21.40964648461918,938.0000000000002,648,1
Region_683,1306.0,70.25103995401608,67.12671842661257,53458.0,18.37880834200876,2093.0,649,2
Region_684,1378.0,79.6459199915891,83.08712474591476,110605.0,7.050592130286772,1391.0,650,0
Region_685,1216.0,78.97074496717504,69.51427714765799,102409.0,5.873481160149712,3770.0,651,0
Region_686,1488.0,83.13106395041602,51.31395541071159,43248.0,29.74391033523337,2933.0,652,2
Region_687,1446.0,54.76307539773131,59.21198100686907,109160.0,5.750533303726797,4262.0,653,0
Region_688,1332.0,82.6061622765219,62.50616805909661,63516.0,16.11320632625399,2465.0,654,0
Region_689,705.0,65.60740283482235,68.96331769102633,49061.0,17.615475615192388,1167.0,655,2
Region_690,520.0,69.95229730685556,77.96755128763066,44170.0,7.932003695011126,4313.0,657,1
Region_691,1020.0,92.8993126961353,44.94368088203177,28024.0,9.226544460992908,3051.0,658,2
Region_692,1085.0,50.45152020647751,84.48260165087831,102214.0,13.795125160258811,1788.0,659,0
Region_693,1403.0,79.42063166703028,40.61548515080378,105947.0,24.041896905341567,1414.0,660,0
Region_694,785.0,79.93569900500538,58.50261673371276,63803.0,17.677060601506668,2758.0,661,2
Region_695,833.0,69.83298881717809,41.371015498632886,39296.0,20.94754686382404,4840.0,662,2
Region_696,1017.0,61.851392855416805,59.64871126726456,111829.0,29.62936387726687,974.0,663,2
Region_697,407.0,61.73370191307755,66.29062994366619,112708.0,24.20013588283024,201.0,664,1
Region_698,1021.0,94.18548348303764,65.58406932907559,106664.0,15.859037453530442,635.0,665,0
Region_699,1481.0,72.10121868914288,48.28141735141327,38257.0,16.16104804491372,962.0,666,2
Region_700,717.0,66.5444681494586,72.28702550478062,32855.0,20.469301926025125,2371.0,669,2
Region_701,422.0,72.43887869157015,42.23892252523341,105178.0,21.63413021047261,545.0,670,1
Region_702,1081.0,83.46952007296807,78.09534100662077,40025.0,17.517773145916784,3845.0,671,2
Region_703,1195.0,57.28782841223759,87.33222169967732,24458.0,21.1215305703745,2198.0,672,2
Region_704,1421.0,72.47169176068688,56.9884413575559,83610.0,5.588312360352468,606.0,673,0
Region_705,725.0,79.39421855551934,65.8619690857166,90843.0,15.740571597421104,1602.0,674,1
Region_706,139.0,97.42916774257168,58.94551390294072,103961.0,11.97345190183692,2170.0,675,1
Region_707,747.0,62.62638910377096,40.335519515203,69831.0,8.22936113107776,3135.0,676,0
Region_708,1389.0,67.96253739581228,59.2937251447558,63427.0,7.488662820219378,3554.0,677,0
Region_709,1251.0,68.96792949612119,79.58601296306733,113809.0,20.079804140366686,206.0,678,0
Region_710,589.0,80.27690788224415,69.7994421091741,58506.0,18.090013678815293,784.0,680,2
Region_711,781.0,67.83660265200008,45.06299573075795,25668.0,11.33960292490923,4704.0,681,2
Region_712,918.0,76.67559626498478,82.35697448468926,111470.0,16.773751469312863,3326.0,682,0
Region_713,90.0,89.08951649225148,66.55426724426215,67195.0,17.305807879560206,204.0,683,1
Region_714,789.0,85.26927970561019,82.0861680872338,93233.0,9.875224510965396,1045.9999999999998,684,0
Region_715,551.0,72.31843232562927,69.01107593925147,44417.0,21.302326547041265,2344.0,685,2
Region_716,1008.0,93.21080888370844,67.984422241897,101982.0,24.52298390965226,4676.0,686,0
Region_717,1218.0,77.90701247969315,45.26295925985062,30751.0,24.78658852223797,2955.0,687,2
Region_718,1274.0,76.99529197511063,48.3679866569314,66218.0,20.061745767586377,4874.0,688,0
Region_719,978.0,51.70938829695791,88.60126282482955,27352.0,17.790964562975354,1227.0,689,2
Region_720,510.0,99.33464901785808,51.424337337738535,99052.0,6.525178575134873,203.0,691,0
Region_721,781.0,56.14854042648133,88.87260589951839,108835.0,12.195782471290146,4237.0,692,0
Region_722,801.0,61.55654562138233,66.59563532621317,117493.0,7.331786169454247,1766.0,693,0
Region_723,974.0,52.584841862076345,46.78945235319686,48927.0,29.09557902196184,3252.0,694,2
Region_724,958.0,82.00014834184569,44.96511013768465,61094.0,8.377003655644017,2907.0,695,0
Region_725,1326.0,61.235058848634,50.443203535287,74122.0,8.794385246277551,836.0000000000002,696,0
Region_726,439.0,59.000521873636174,86.28186650126679,49493.0,27.239415458262304,4418.0,697,1
Region_727,932.0,54.42777921116207,60.70751121641134,112247.0,28.598207086911447,4322.0,698,1
Region_728,305.0,55.16544785620079,59.77171339964572,93539.0,24.145725980872747,3817.0,699,1
Region_729,758.0,79.23353502212944,55.6603130535087,51707.0,5.135123091816746,2928.0,700,0
Region_730,499.0,84.41039329332978,47.35309252832942,88814.0,5.0336567739140925,692.0,702,0
Region_731,59.0,69.86894942322004,64.39255985962032,27296.0,14.45251924468627,4712.0,703,1
Region_732,873.0,73.99485407960367,46.50238912555693,45398.0,8.584884250272314,715.0,704,0
Region_733,847.0,84.2983867991492,81.77401181911638,55842.0,5.4596535537899324,3476.0,705,0
Region_734,1315.0,50.86898950927398,58.51984931376532,33261.0,16.601667235112615,3833.0,706,2
Region_735,1324.0,66.15653285351392,58.74017838908982,96709.0,28.576547435174287,3751.0,707,2
Region_736,926.0,98.65488740351732,63.70032142415779,115985.0,13.095489372560785,1119.0,708,0
Region_737,1078.0,79.0056114847734,62.20638565828758,76704.0,21.52851696071741,2399.0,709,2
Region_738,1192.0,62.71122899487466,89.74289865296608,87173.0,21.305883828311018,4553.0,710,0
Region_739,1065.0,76.08650233181066,67.26905606091512,51781.0,11.277002591629197,1262.0,711,0
Region_740,423.0,67.13267440604577,44.410085189493536,33652.0,21.260631220596608,1202.0,713,2
Region_741,1138.0,76.61224944131496,70.3438670788465,25103.0,10.308349357172284,2561.0,714,2
Region_742,195.0,56.28707559033244,47.579214643494,45500.0,8.050185339422226,193.0,715,1
Region_743,273.0,56.63573269096387,41.5468822365671,55529.0,22.534582138992253,2539.0,716,1
Region_744,1312.0,57.17711810196964,88.53710768386242,38452.0,7.836020427597919,3278.0,717,0
Region_745,226.0,96.99098959634208,78.6769445767282,69393.0,29.922730464733885,4632.0,718,1
Region_746,902.0,86.64494591706709,89.00544962068835,51174.0,9.58631002875573,3255.0,719,0
Region_747,1355.0,58.11909473311604,63.89392240111212,84450.0,19.85354656891144,4293.0,720,0
Region_748,112.0,59.41745418828008,66.6128765574488,55436.0,15.284364285314734,3192.0,721,1
Region_749,1290.0,86.54147374354382,48.416847795956514,67406.0,8.159660560141678,3354.0,722,0
Region_750,876.0,57.80819223960869,52.34537133337928,83059.0,5.696097689435334,1407.0,724,0
Region_751,844.0,61.72806466674143,81.92746074514142,35954.0,20.56830705732083,2763.0,725,2
Region_752,738.0,98.16734164101996,57.80928235587971,102722.0,25.168939094728152,4235.0,726,1
Region_753,154.0,62.76532623642159,81.34074868982094,32356.0,26.0503915376686,1407.0,727,1
Region_754,1172.0,83.08161751855734,75.45068621435159,118499.0,17.06783682692336,4344.0,728,0
Region_755,560.0,98.93156437002652,48.85854626359328,22187.0,24.43638667955964,4683.0,729,2
Region_756,434.0,68.71483835698963,65.37231830598711,97243.0,21.82117833721362,3242.0,730,1
Region_757,454.0,50.87579954310311,73.86936607593584,55098.0,23.10636318747833,350.0,731,1
Region_758,872.0,62.20736452111871,51.751860740191255,112471.0,17.314975130545353,773.0,732,0
Region_759,567.0,91.54385956708526,81.53442552600384,41225.0,20.835293506053176,3060.0,733,2
Region_760,525.0,93.23044179775184,67.24138287725934,23606.0,25.138147839401423,117.0,735,2
Region_761,758.0,88.42596822618955,48.26210252213016,77620.0,14.947104388925576,3886.0,736,0
Region_762,820.0,55.655490953828654,69.14922130823012,52828.0,25.149472521689592,4043.0,737,2
Region_763,1096.0,89.77551858482016,89.9856902077957,46489.0,19.80042106972657,2556.0,738,2
Region_764,1046.0,95.9338898496752,47.52607458317068,34387.0,9.147525609269657,1587.0,739,2
Region_765,726.0,80.0304771273118,80.83784650597642,89463.0,5.617103930614615,447.0,740,0
Region_766,763.0,97.04376781690324,50.3654501593779,91832.0,14.068840009978802,4765.0,741,0
Region_767,132.0,91.34194418559387,79.11941647300436,115980.0,18.667408207408496,3407.0,742,1
Region_768,1218.0,83.34857584954537,76.72889615607066,22591.0,25.99550880508721,1213.0,743,2
Region_769,1158.0,78.8592618355874,55.02446928002162,68516.0,8.187142003506155,4875.0,744,0
Region_770,1151.0,67.42868336209852,56.29115587822249,111683.0,25.00515869208948,604.9999999999998,746,2
Region_771,506.0,57.96437226214026,79.62606959814596,82061.0,26.575226151680678,3711.0,747,1
Region_772,50.0,80.24769613452705,63.07227559436564,86736.0,8.767187175020844,1801.0,748,1
Region_773,100.0,65.90557768090598,76.54090143559044,101257.0,26.28985798260548,2991.0,749,1
Region_774,734.0,93.32193337638228,47.39920736829174,81753.0,29.7863391960698,2707.0,750,2
Region_775,766.0,99.66684686793144,82.62788909507768,104774.0,23.170970776205937,2845.0,751,1
Region_776,498.0,87.62138813077863,75.54423583411597,31087.0,24.6192420456247,2379.0,752,2
Region_777,930.0,54.52408476435254,85.34714044174169,50816.0,29.860381688971835,2009.0,753,2
Region_778,537.0,64.43427977653191,46.61861895174862,43408.0,20.13703126314864,1651.0,754,2
Region_779,83.0,55.45548158828748,69.65072501802989,20136.0,12.697159550406235,2843.0,755,1
Region_780,1421.0,82.5255823895858,69.95602925201626,37413.0,25.938270851901397,1530.0,757,2
Region_781,144.0,88.25954322778924,57.67303702733912,79500.0,20.362144437790786,1152.0,758,1
Region_782,1145.0,96.2837415440356,62.92332122846289,104514.0,19.529885593023916,3326.0,759,0
Region_783,203.0,71.90861732059938,41.89907816449267,76358.0,11.340888887850957,1349.0,760,1
Region_784,298.99999999999994,95.06878247942224,77.2930019313506,86197.0,23.908356739572167,3929.0,761,1
Region_785,723.0,93.89455795206638,67.4661239701587,112789.0,7.041681896502407,1585.0,762,0
Region_786,487.0,65.85978583826993,42.88705259345869,112420.0,28.10717676986653,127.0,763,1
Region_787,167.0,93.44503127702856,74.03779464802427,52854.0,13.14558651926212,2881.0,764,1
Region_788,820.0,68.78361259408632,63.339103861559394,96240.0,8.194366319749761,3460.0,765,0
Region_789,1379.0,64.84346372801404,41.72306297125,110063.0,16.05916332756047,2771.0,766,0
Region_790,317.0,82.45373293971966,88.48038634240477,36322.0,6.061747731413329,3677.0,768,1
Region_791,1127.0,66.41906139425406,87.45560715447203,26968.0,22.11565485662416,1582.0,769,2
Region_792,285.0,81.51043741645721,65.64512080735987,47518.0,27.567637761133906,287.0,770,2
Region_793,438.0,80.49159027493472,44.68362103529551,71925.0,25.93157517846272,2046.0,771,1
Region_794,1039.0,78.17194636742295,77.73106107992959,79848.0,8.184236836197027,3477.0,772,0
Region_795,812.0,69.02098521163988,64.59655500528645,113422.0,8.156778427693297,327.0,773,0
Region_796,450.0,77.42498608257384,55.122373914468994,21700.0,25.335862058106603,3139.0,774,2
Region_797,673.0,79.82427374927107,64.57090887642784,113782.0,28.1063568650779,573.0,775,1
Region_798,816.0,77.28434442477368,66.12220727027322,43199.0,16.516745745837227,4325.0,776,2
Region_799,1376.0,72.22097263756008,68.13558495111695,64589.0,17.47427792284415,4268.0,777,0
Region_800,968.0,50.73335285231319,62.06118568276632,52115.0,12.956551034643148,3172.0,780,0
Region_801,1280.0,79.35308538505754,70.28776515695283,81934.0,27.35662795641035,4625.0,781,2
Region_802,1302.0,58.42221925713598,85.93673553031887,74316.0,21.1225726323089,1847.0,782,2
Region_803,902.0,82.12879844735949,58.11340435492956,25520.0,12.206289429184212,2181.0,783,2
Region_804,627.0,87.9672163961433,76.28582316099745,56455.0,12.46957177635629,865.0,784,1
Region_805,124.0,75.02226545653707,84.72262784121162,106465.0,27.28000182659006,2744.0,785,1
Region_806,484.0,77.11818324898692,62.79896378799685,61605.0,5.340850597645536,492.0,786,1
Region_807,152.0,97.57392798329955,62.17279181909521,34955.0,13.06816431816596,3190.0,787,1
Region_808,1495.0,92.3583680686287,70.10584926773898,64049.0,18.858917030409227,192.0,788,2
Region_809,813.0,95.7118257975735,69.5703379711244,33917.0,8.705436552483116,4337.0,789,0
Region_810,787.0,90.68831441597932,80.32946711631385,90293.0,7.302468854989744,1460.0,791,0
Region_811,855.0,55.44591709233657,63.82416918891464,98581.0,25.381908277264,4523.0,792,1
Region_812,1379.0,57.44959279850973,89.80614748197206,84925.0,27.36010971621268,584.0,793,2
Region_813,147.0,76.33118986344797,42.97357844336404,90269.0,25.590160519954736,1766.0,794,1
Region_814,847.0,62.30348293989991,40.15839242903509,50954.0,27.469697243433693,3414.0,795,2
Region_815,1408.0,73.83477375205796,72.00991557798119,116671.0,18.827799276459288,1082.0,796,0
Region_816,908.0,69.71826619091752,54.92174561809384,92617.0,25.306453024758547,3392.0,797,2
Region_817,484.0,77.47071192152266,52.019119434974186,61458.0,14.601065959777513,1460.0,798,1
Region_818,496.0,87.34378580679113,55.59495400021402,109037.0,21.65669653697596,4550.0,799,1
Region_819,1381.0,85.77454535496372,52.80237825524772,41113.0,29.72088828472911,1222.0,800,2
Region_820,298.0,76.06170662426672,41.53950248302239,119977.0,10.643193095978186,938.0000000000002,802,1
Region_821,215.0,91.1196709408529,88.57665211952943,110226.0,14.747493657277015,3388.0,803,1
Region_822,1033.0,71.54310457690167,51.037274422639086,63939.0,17.00118443275214,4567.0,804,0
Region_823,1408.0,94.83571449200612,76.70148812946532,49345.0,8.450387175501293,1691.0,805,0
Region_824,1069.0,53.56401350275819,78.12981973470876,66313.0,7.025965261626419,521.0,806,0
Region_825,591.0,97.73300150166536,86.46286990036145,112365.0,25.74307165804061,2990.0,807,1
Region_826,808.0,82.7346540715674,41.527472854669,89166.0,29.419859320689653,596.0,808,2
Region_827,1179.0,69.00372544686027,83.60241692235039,67861.0,15.118126595741469,4776.0,809,0
Region_828,130.0,59.85770632864387,66.36130904199001,117406.0,7.1912459048663315,3647.0,810,1
Region_829,182.0,73.95916147218,71.6272054982914,69298.0,6.645294017264412,2875.0,811,1
Region_830,846.0,59.72791615926505,72.22351385605168,67221.0,27.282955159007468,3773.0,813,2
Region_831,949.0,58.31658038715711,80.98989024923637,64942.0,16.595356243192,413.0,814,2
Region_832,187.0,80.8675878706487,56.67036610795553,23453.0,13.000682914059798,2216.0,815,1
Region_833,233.0,76.15423622908924,76.65255949299967,74935.0,16.911531780984987,3359.0,816,1
Region_834,1474.0,83.50480173054709,66.42890548610985,63370.0,12.957602367308684,595.0000000000002,817,0
Region_835,1403.0,96.48029387109946,79.6697007152674,28328.0,17.225894382690498,3290.0,818,2
Region_836,834.0,76.61301066695201,89.52730163850667,35534.0,26.48890992294842,4779.0,819,2
Region_837,1033.0,79.04660266313988,50.03255087018806,105280.0,19.807534276552392,1986.0,820,0
Region_838,118.0,54.481316957747104,89.7324320779999,104925.0,22.366344320254385,1012.0,821,1
Region_839,595.0,85.88178929543147,44.4906077141387,56320.0,14.116766905858414,3055.0,822,1
Region_840,102.0,69.9952603402078,40.115877395240695,69170.0,23.462646962762967,3856.0,824,1
Region_841,254.0,98.83626193312897,42.20809680889156,100201.0,21.665427121984308,932.0000000000002,825,1
Region_842,175.0,91.158700779783,57.089120236838085,28640.0,7.989049943801412,3890.0,826,1
Region_843,92.0,76.12405202580592,71.64531653392172,111057.0,19.316071327889617,920.0,827,1
Region_844,160.0,56.1611327086083,43.45147704439248,50049.0,11.41858740774395,4661.0,828,1
Region_845,810.0,92.97078966402948,40.28329072647836,25618.0,25.10239174083982,3035.0,829,2
Region_846,1256.0,89.98905477120108,86.85455142293974,76053.0,15.648442711673486,915.0,830,0
Region_847,897.0,59.229256476851646,81.09633179699648,21920.0,29.867104129912175,4359.0,831,2
Region_848,144.0,64.7639144610155,80.45915855695155,63937.0,7.312510948474095,3253.0,832,1
Region_849,1447.0,89.67036290739186,84.22121377509885,89724.0,24.508696568503964,2947.0,833,0
Region_850,949.0,59.26142232737048,75.00171363860522,32207.0,21.842543338553916,2294.0,835,2
Region_851,409.0,95.88762445856888,45.22020648740407,85774.0,24.187470764767635,68.0,836,1
Region_852,949.0,71.2263712598181,59.95500940368615,52972.0,12.688244887261408,691.0000000000002,837,2
Region_853,330.00000000000006,54.35194812938293,76.15747432323147,30799.0,17.301362234560017,3133.0,838,1
Region_854,1268.0,90.78743217521404,54.01672303957605,91088.0,24.91271299309271,379.0,839,2
Region_855,1268.0,68.67548415191938,74.37031820681187,48916.0,10.813533290521374,915.0,840,0
Region_856,716.0,76.32495970768905,41.224922413382615,90463.0,10.6508299197163,823.0,841,0
Region_857,142.0,55.61521722056096,55.30686704397967,113500.0,18.77627383237331,4537.0,842,1
Region_858,721.0,50.12920074224912,67.45651681385863,96700.0,18.089089488246398,4782.0,843,1
Region_859,110.0,81.89926028966488,71.60449147531212,57158.0,12.05656176032332,2404.0,844,1
Region_860,683.0,75.75875851668658,68.85203322309555,104607.0,12.451891263120569,3388.0,846,0
Region_861,1124.0,79.67692845615736,74.88781380367148,91696.0,11.946129080164138,3568.0,847,0
Region_862,1476.0,89.68719251902581,40.30443741199196,81510.0,24.28780154996219,2992.0,848,2
Region_863,1078.0,82.330295671143,45.04705999887607,78692.0,21.297521639061515,2617.0,849,2
Region_864,653.0,58.73867214136886,83.44721261395725,81744.0,25.81042958525632,1724.0,850,1
Region_865,731.0,68.03862595553,74.08743220450806,35810.0,29.386825707850544,2733.0,851,2
Region_866,583.0,95.29455523938802,45.646582134300566,25126.0,16.85410740679966,3430.0,852,2
Region_867,1478.0,88.49723501258396,82.10372186992896,50009.0,6.6673470351362205,789.0000000000002,853,0
Region_868,887.0,77.83185289683587,52.11156089122834,119120.0,6.2023077603008865,1595.0,854,0
Region_869,694.0,62.78224989046362,63.91299420976117,110932.0,12.39162598179048,4614.0,855,0
Region_870,282.0,65.10302509173975,47.25982564423302,20192.0,28.31361473381127,2309.0,857,2
Region_871,573.0,86.59790337928172,75.50550282108533,56413.0,18.08032637427187,1185.0,858,2
Region_872,395.0,92.55871304263854,73.3427210507134,32816.0,11.794662902003228,923.0,859,1
Region_873,1119.0,83.57123347653072,50.555623558306806,59082.0,14.979169862775487,4605.0,860,0
Region_874,595.0,90.47649878842208,83.17003834285009,85048.0,19.964877685116768,2350.0,861,1
Region_875,1151.0,88.3328067600203,60.06530121098561,70940.0,21.32374145344605,800.9999999999998,862,2
Region_876,1146.0,57.48519839784789,54.62575455353709,52130.0,8.847987744572626,902.9999999999998,863,0
Region_877,843.0,71.1972406456651,47.616479473226775,60142.0,29.4257919136294,3782.0,864,2
Region_878,298.0,57.649190041428135,53.30840062577687,56468.0,18.61930567456972,2333.0,865,1
Region_879,96.0,61.76177924009925,41.10134606119085,50698.0,8.392207944806982,1379.0,866,1
Region_880,1194.0,93.46298123255264,69.16287462280579,30655.0,27.340881333653343,527.0,868,2
Region_881,263.0,73.64459828165911,82.11153731719739,67897.0,6.86596077698572,2776.0,869,1
Region_882,288.0,76.76790509213305,67.44902247208209,50075.0,27.69338582943782,3141.0,870,1
Region_883,1129.0,58.922298261388605,50.96369809619379,29359.0,29.91414140722456,4280.0,871,2
Region_884,399.0,65.6135893024398,41.68345891069364,62056.0,22.5107949789126,4555.0,872,1
Region_885,156.0,61.5123084213935,50.73140366294014,71831.0,24.261180526849746,1319.0,873,1
Region_886,880.0,60.30930822592132,60.80607140355461,79191.0,13.43257091168716,4231.0,874,0
Region_887,97.0,81.8980396657985,77.98057143498983,53272.0,28.539421318348342,2653.0,875,1
Region_888,386.0,62.84419238228574,49.39214262688871,34671.0,18.24284915270919,1519.0,876,1
Region_889,1099.0,81.60077430102092,75.98957266773431,47048.0,23.30971116493887,427.0,877,2
Region_890,853.0,52.922730705427696,83.34667341759419,96274.0,28.10269289778199,1730.0,879,1
Region_891,1330.0,57.08871967635509,62.69734240541786,45963.0,29.379499399387708,291.0,880,2
Region_892,57.0,63.72701270000627,81.07159958212966,63954.0,25.83010891491686,969.0,881,1
Region_893,674.0,79.85234584478458,67.73286740175479,92309.0,12.57543767455075,119.0,882,1
Region_894,1326.0,83.7920622543688,71.85454185404525,115430.0,29.16368791380206,3974.0,883,0
Region_895,768.0,72.13584833897636,66.31392301691014,20717.0,20.702988281089297,2136.0,884,2
Region_896,352.0,72.28954572886144,63.15863583756709,31676.0,28.266061908799,2057.0,885,2
Region_897,688.0,86.2258425699309,51.73267208879247,24434.0,21.9026256453588,849.9999999999998,886,2
Region_898,105.0,50.79105458827912,55.15970297305231,69810.0,12.680974046193011,2829.0,887,1
Region_899,775.0,67.05450122371103,54.49850594718045,114636.0,14.250613103570398,4970.0,888,0
Region_900,575.0,90.93535285596164,68.16444654769074,24994.0,18.761794427573516,804.9999999999998,891,2
Region_901,523.0,80.16097051066862,45.9976846511945,24234.0,24.75037103899705,2045.0,892,2
Region_902,77.0,66.86135663777102,85.83958453511676,89300.0,12.949563783508374,1371.0,893,1
Region_903,127.0,95.27623961648368,76.03275726415566,63949.0,19.4932791533548,2380.0,894,1
Region_904,1289.0,88.63113637246913,60.07228154565968,57405.0,13.640624839410036,159.0,895,2
Region_905,1459.0,63.24477236183667,47.9312072263189,54872.0,25.39423511587768,1066.0,896,2
Region_906,414.0,82.26449187628585,84.09960848608179,62215.0,16.66820234419876,3915.0,897,1
Region_907,715.0,79.78753640944784,81.18890450505826,43185.0,6.9180706713221305,74.0,898,0
Region_908,575.0,70.05939570194914,76.08607763585897,63442.0,9.15131303703841,4988.0,899,1
Region_909,748.0,68.34780396024003,53.57735237056212,71759.0,6.527616690490808,2888.0,900,0
Region_910,1385.0,67.1780237387852,60.12233187168344,61153.0,17.48257365035813,787.0000000000002,902,2
Region_911,932.0,80.85778916978234,45.13741262262117,97535.0,7.658432433705679,229.0,903,0
Region_912,1080.0,72.12049682403347,49.45197623637659,22581.0,7.853499232740802,281.0,904,2
Region_913,1076.0,91.59315566257108,79.15083186583664,71717.0,28.526206500959425,1967.0,905,2
Region_914,968.0,83.4801308066981,75.75193594253419,22763.0,26.816376804401383,392.0,906,2
Region_915,799.0,53.49658028547171,69.67428814879673,112910.0,16.30216492028415,4622.0,907,0
Region_916,412.0,82.0084111914083,84.78633629630863,75480.0,29.645133021255145,2673.0,908,1
Region_917,1347.0,63.55737182500924,69.16332589065227,58759.0,5.004663204266578,504.0,909,0
Region_918,855.0,79.64059958267114,63.34839999818054,96067.0,20.34948640683485,4434.0,910,0
Region_919,788.0,84.00659655517256,57.018537315288135,45307.0,20.41070443429675,4675.0,911,2
Region_920,1088.0,61.54145945770061,87.02242528680863,116371.0,16.436076396747204,2326.0,913,0
Region_921,1265.0,72.84293224401843,44.13577307621768,31064.0,14.92369932335732,645.0,914,2
Region_922,534.0,59.51624314095339,86.54436860304043,96848.0,16.38457838701519,3924.0,915,1
Region_923,77.0,52.61694378932542,81.33573299655092,57548.0,15.374010901992012,4580.0,916,1
Region_924,763.0,68.92382117429345,46.49649622678506,56945.0,23.262311937057486,4547.0,917,2
Region_925,1112.0,68.14721359229961,68.24921788376268,67937.0,8.383885874332101,2719.0,918,0
Region_926,1346.0,99.77402453521285,83.32739908745435,26476.0,9.940980514778254,2185.0,919,2
Region_927,1304.0,72.31761755988211,68.59045818035769,71756.0,9.51295570981059,4014.0,920,0
Region_928,135.0,66.67847747361002,85.35999107803111,110101.0,11.561764628031614,1615.0,921,1
Region_929,175.0,79.02375033583374,87.14919084080213,22382.0,18.131460469539583,358.0,922,1
Region_930,861.0,54.438369705388425,61.11922610921529,69683.0,7.780218683455468,392.0,924,0
Region_931,586.0,98.08328679774068,58.86568307031618,107999.0,26.7042323831626,485.0,925,1
Region_932,194.0,81.74800227955166,86.81605769845784,65276.0,12.434038282711809,226.0,926,1
Region_933,1285.0,87.74189099704239,73.7570030574834,53402.0,9.063449686717696,188.0,927,0
Region_934,74.0,58.52389690869588,45.80113406740846,111881.0,21.890532739956083,243.0,928,1
Region_935,1467.0,70.4738926502602,42.11458746113406,46946.0,5.952157514982982,3307.0,929,0
Region_936,116.0,71.13445566980948,68.23145254986315,99698.0,20.499214121854106,3285.0,930,1
Region_937,282.0,91.09032219505434,86.50854827192123,93933.0,22.454960766912496,992.0,931,1
Region_938,158.0,50.06183398797047,82.21243512029092,42335.0,10.37291328466798,4670.0,932,1
Region_939,1219.0,65.04265541766276,73.79238732321681,65095.0,6.049101836090857,3929.0,933,0
Region_940,160.0,99.0618187172152,46.955792444554376,99930.0,14.09113397298624,3163.0,935,1
Region_941,277.0,73.74432717531093,52.711569187434776,47197.0,7.4648557560484115,3012.0,936,1
Region_942,160.0,69.12631401220041,83.77556132763081,42010.0,7.9119462418334265,4886.0,937,1
Region_943,83.0,55.99145010088232,49.140361832845024,44123.0,11.356530786121612,1003.0,938,1
Region_944,672.0,98.70823143140078,53.92197041252173,107923.0,12.386698115668985,1352.0,939,0
Region_945,1442.0,51.001317796291225,46.4800325597721,22890.0,18.24925852553552,3431.0,940,2
Region_946,797.0,86.85901125036216,73.80541157072057,113305.0,21.95979713757533,2930.0,941,1
Region_947,644.0,88.42999023942542,87.19911526816048,28026.0,19.819273521754617,2237.0,942,2
Region_948,474.0,62.18283580319333,53.448401579769296,84925.0,8.709008432237919,4937.0,943,1
Region_949,662.0,83.57792218065187,63.77033039250368,88842.0,9.30215081131566,595.0000000000002,944,0
Region_950,741.0,54.646457218969495,71.71698698556021,53665.0,26.96923124482286,1977.0,946,2
Region_951,1355.0,62.852363321604,89.97331241078153,29277.0,18.95880787660284,4202.0,947,2
Region_952,1393.0,89.39509941461324,45.24040324987861,62239.0,26.748445822442225,54.0,948,2
Region_953,364.0,93.234309601677,64.92853997528546,67664.0,14.28866278299686,3531.0,949,1
Region_954,926.0,80.42432063298956,59.256005995125,68008.0,20.360000185783097,3303.0,950,2
Region_955,1450.0,75.34192159102413,83.29100826111775,34683.0,18.09158540136527,1412.0,951,2
Region_956,1362.0,57.96520103094902,63.79838655058279,20670.0,12.978087245511563,1870.0,952,2
Region_957,711.0,53.15545165395751,45.5488762292574,109211.0,16.747884300839885,2713.0,953,1
Region_958,326.0,55.882451423677935,71.72120726432918,37889.0,17.562271920673304,2988.0,954,1
Region_959,673.0,61.36786500480494,78.53903091319398,75612.0,10.019274368916964,1323.0,955,1
Region_960,565.0,67.08372509484605,40.14406258328073,64535.0,12.87525930941829,3376.0,957,1
Region_961,1423.0,69.04547627554936,82.94783427103147,98542.0,24.78524376267439,3709.0,958,0
Region_962,892.0,67.31608842945018,49.30115000028328,74319.0,27.894705986353177,2995.0,959,2
Region_963,399.0,61.95276660986328,67.60346823266889,112067.0,13.994852338632487,3068.0,960,1
Region_964,872.0,75.4862123375849,60.78987503437251,41639.0,12.674307055225457,1181.0,961,2
Region_965,1210.0,91.26430541164484,75.98269083052652,84712.0,9.879929114297067,4813.0,962,0
Region_966,808.0,63.98517692357396,58.55808073928709,36633.0,21.96227921626453,2686.0,963,2
Region_967,948.0,97.11935095511166,83.48815883408554,54660.0,13.077492541658431,3079.0,964,0
Region_968,292.0,93.66683308619238,76.5248180479395,88975.0,29.693738477479712,3069.0,965,1
Region_969,592.0,58.08821056760548,72.38565855314607,52172.0,13.14212005159883,4427.0,966,1
Region_970,1113.0,89.31379783785472,79.81202977814272,79197.0,14.853401169565704,3209.0,968,0
Region_971,278.0,78.72936911588833,77.70115174641911,78847.0,20.08335490530087,303.0,969,1
Region_972,597.0,78.32876810857093,41.79693374607767,31577.0,25.042107329782624,378.0,970,2
Region_973,969.0,69.55213815290873,59.736717692241406,97299.0,16.737966633640845,2641.0,971,0
Region_974,1296.0,75.05764995910049,86.5403648658245,40176.0,15.566400844723958,2880.0,972,2
Region_975,55.0,69.85893887146055,46.28621344961131,64386.0,29.89094583987021,3094.0,973,1
Region_976,1395.0,76.98663093799715,76.85482752160256,83972.0,5.262341028498611,1470.0,974,0
Region_977,517.0,81.39750263863179,88.72959056676649,109791.0,27.376632221281145,3451.0,975,1
Region_978,124.0,83.71519032045242,42.60993145224858,61003.0,8.728520648493436,2942.0,976,1
Region_979,53.0,76.6240596279713,74.10969403133052,39996.0,24.64813190522284,704.0,977,1
Region_980,695.0,86.07110336643659,63.40770706505152,106598.0,20.44828899615745,809.0,979,1
Region_981,167.0,57.06390246377529,68.95876276873611,55931.0,13.546182137452302,1848.0,980,1
Region_982,930.0,60.59912454511193,44.26706682421624,55710.0,26.84687388802546,3021.0,981,2
Region_983,553.0,90.9367502037135,42.15034759334697,54693.0,5.322680699524799,4561.0,982,0
Region_984,996.0,66.12639889232076,73.3433330275461,55740.0,10.667266301873092,3476.0,983,0
Region_985,623.0,51.14469124880601,81.1654714910359,97241.0,19.1723199062384,304.0,984,1
Region_986,243.0,57.68955748340156,79.10076674664836,113583.0,13.78855650124245,3873.0,985,1
Region_987,896.0,61.18072172481556,67.19028639331187,96502.0,20.25943738295819,1926.0,986,0
Region_988,764.0,97.86614439472936,44.99334105680891,37374.0,5.602754835216672,2807.0,987,0
Region_989,1465.0,78.65207144654246,74.40222219180069,96674.0,7.911473262042813,2674.0,988,0
Region_990,1099.0,96.63653702381274,52.094444177707295,101471.0,8.17740600546098,4171.0,990,0
Region_991,222.0,78.75816752483125,85.55343513836918,65913.0,9.732091147900237,3054.0,991,1
Region_992,1373.0,73.96772200689259,81.91326797728524,86025.0,16.48328602001357,4566.0,992,0
Region_993,375.0,65.6863845597048,75.46914835436954,64516.0,23.80321748858928,3784.0,993,1
Region_994,1483.0,80.31854722166878,87.44229779155651,107796.0,27.63847094822253,1294.0,994,2
Region_995,1191.0,56.95990123087649,41.57109107556364,46069.0,25.88431325710615,1058.0,995,2
Region_996,885.0,94.9130813646353,76.8100212530381,76233.0,9.92219679439209,4364.0,996,0
Region_997,773.0,91.4666202570642,56.51213896682027,104811.0,16.02876380576581,1560.0,997,0
Region_998,274.0,65.87657239383685,85.30329428431827,79049.0,9.985289943963377,2009.0,998,1
Region_999,581.0,97.63987638006472,53.33375983309888,59178.0,11.611795416679769,2558.0,999,1
Region_1000,162.0,91.2600383707784,76.24282496575086,52821.0,17.588674537797154,4808.0,3,1
